{"PCASkewnessFirstPC": -0.09801724980389372, "PCAKurtosisFirstPC": -1.2671110027498051, "PCAFractionOfComponentsFor95PercentVariance": 0.8571428571428571, "Landmark1NN": 0.6349599187091118, "LandmarkRandomNodeLearner": 0.2747958958039134, "LandmarkDecisionNodeLearner": 0.3165251331290166, "LandmarkDecisionTree": 0.6936732795988743, "LandmarkNaiveBayes": 0.39787074461539074, "LandmarkLDA": 0.16537950591073272, "ClassEntropy": 3.0511158028231944, "SkewnessSTD": 7.484815442254776, "SkewnessMean": 3.2450344670870175, "SkewnessMax": 21.547781053353834, "SkewnessMin": -0.565205184777726, "KurtosisSTD": 302.0822666905235, "KurtosisMean": 122.17579065044012, "KurtosisMax": 862.1227566130314, "KurtosisMin": -1.6805430991003762, "SymbolsSum": 0.0, "SymbolsSTD": 0, "SymbolsMean": 0, "SymbolsMax": 0, "SymbolsMin": 0, "ClassProbabilitySTD": 0.06860976545507809, "ClassProbabilityMean": 0.0625, "ClassProbabilityMax": 0.1708585591808541, "ClassProbabilityMin": 0.004022591524115233, "InverseDatasetRatio": 3515.8571428571427, "DatasetRatio": 0.0002844256633212791, "RatioNominalToNumerical": 0.0, "RatioNumericalToNominal": 0.0, "NumberOfCategoricalFeatures": 0, "NumberOfNumericFeatures": 7, "NumberOfMissingValues": 0.0, "NumberOfFeaturesWithMissingValues": 0.0, "NumberOfInstancesWithMissingValues": 0.0, "NumberOfFeatures": 7.0, "NumberOfClasses": 16.0, "NumberOfInstances": 24611.0, "LogInverseDatasetRatio": 8.165038627392917, "LogDatasetRatio": -8.165038627392917, "PercentageOfMissingValues": 0.0, "PercentageOfFeaturesWithMissingValues": 0.0, "PercentageOfInstancesWithMissingValues": 0.0, "LogNumberOfFeatures": 1.9459101490553132, "LogNumberOfInstances": 10.11094877644823}