{"PCASkewnessFirstPC": 2.572365159971739, "PCAKurtosisFirstPC": 14.339202141566062, "PCAFractionOfComponentsFor95PercentVariance": 0.7142857142857143, "Landmark1NN": 0.24446501295816364, "LandmarkRandomNodeLearner": 0.1549055905220289, "LandmarkDecisionNodeLearner": 0.16301369863013698, "LandmarkDecisionTree": 0.3670122176971492, "LandmarkNaiveBayes": 0.0625694187338023, "LandmarkLDA": 0.21717882265827476, "ClassEntropy": 4.633458375660835, "SkewnessSTD": 3.67994965627201, "SkewnessMean": 3.4541056930884784, "SkewnessMax": 8.226916061706774, "SkewnessMin": -0.1354645997986207, "KurtosisSTD": 31.304319308285613, "KurtosisMean": 26.27180802048394, "KurtosisMax": 69.91921827124747, "KurtosisMin": -1.5541480942068004, "SymbolsSum": 0.0, "SymbolsSTD": 0, "SymbolsMean": 0, "SymbolsMax": 0, "SymbolsMin": 0, "ClassProbabilitySTD": 0.030224022788356626, "ClassProbabilityMean": 0.017241379310344827, "ClassProbabilityMax": 0.15760869565217392, "ClassProbabilityMin": 0.002717391304347826, "InverseDatasetRatio": 52.57142857142857, "DatasetRatio": 0.019021739130434784, "RatioNominalToNumerical": 0.0, "RatioNumericalToNominal": 0.0, "NumberOfCategoricalFeatures": 0, "NumberOfNumericFeatures": 7, "NumberOfMissingValues": 0.0, "NumberOfFeaturesWithMissingValues": 0.0, "NumberOfInstancesWithMissingValues": 0.0, "NumberOfFeatures": 7.0, "NumberOfClasses": 58.0, "NumberOfInstances": 368.0, "LogInverseDatasetRatio": 3.9621727891136174, "LogDatasetRatio": -3.9621727891136174, "PercentageOfMissingValues": 0.0, "PercentageOfFeaturesWithMissingValues": 0.0, "PercentageOfInstancesWithMissingValues": 0.0, "LogNumberOfFeatures": 1.9459101490553132, "LogNumberOfInstances": 5.908082938168931}