{"PCASkewnessFirstPC": 0.13796907246814394, "PCAKurtosisFirstPC": -1.105213736244941, "PCAFractionOfComponentsFor95PercentVariance": 0.7692307692307693, "Landmark1NN": 0.9933917553429312, "LandmarkRandomNodeLearner": 0.8715818653313064, "LandmarkDecisionNodeLearner": 0.9962264150943396, "LandmarkDecisionTree": 1.0, "LandmarkNaiveBayes": 1.0, "LandmarkLDA": 1.0, "ClassEntropy": 0.5776818929702728, "SkewnessSTD": 8.486191556048919, "SkewnessMean": 4.278491372470226, "SkewnessMax": 32.4957226557807, "SkewnessMin": -1.3253963928813748, "KurtosisSTD": 278.97562189751477, "KurtosisMean": 89.14638468450404, "KurtosisMax": 1053.9816219992706, "KurtosisMin": -1.3602457520082212, "SymbolsSum": 0.0, "SymbolsSTD": 0, "SymbolsMean": 0, "SymbolsMax": 0, "SymbolsMin": 0, "ClassProbabilitySTD": 0.38378115645291716, "ClassProbabilityMean": 0.3333333333333333, "ClassProbabilityMax": 0.8715769593956563, "ClassProbabilityMin": 0.003777148253068933, "InverseDatasetRatio": 81.46153846153847, "DatasetRatio": 0.012275731822474031, "RatioNominalToNumerical": 0.0, "RatioNumericalToNominal": 0.0, "NumberOfCategoricalFeatures": 0, "NumberOfNumericFeatures": 13, "NumberOfMissingValues": 0.0, "NumberOfFeaturesWithMissingValues": 0.0, "NumberOfInstancesWithMissingValues": 0.0, "NumberOfFeatures": 13.0, "NumberOfClasses": 3.0, "NumberOfInstances": 1059.0, "LogInverseDatasetRatio": 4.400130988139869, "LogDatasetRatio": -4.400130988139869, "PercentageOfMissingValues": 0.0, "PercentageOfFeaturesWithMissingValues": 0.0, "PercentageOfInstancesWithMissingValues": 0.0, "LogNumberOfFeatures": 2.5649493574615367, "LogNumberOfInstances": 6.9650803456014065}