{"PCASkewnessFirstPC": 1.4653925469948572, "PCAKurtosisFirstPC": 4.254742375018383, "PCAFractionOfComponentsFor95PercentVariance": 0.8666666666666667, "Landmark1NN": 0.059418184963978174, "LandmarkRandomNodeLearner": 0.06203441599519479, "LandmarkDecisionNodeLearner": 0.08141201035556839, "LandmarkDecisionTree": 0.05542759482732773, "LandmarkNaiveBayes": 0.013391281523705787, "LandmarkLDA": 0.07826390380547968, "ClassEntropy": 6.0425064170892675, "SkewnessSTD": 21.240836693695474, "SkewnessMean": 6.863584054868237, "SkewnessMax": 85.8823324350786, "SkewnessMin": -0.8436663215344473, "KurtosisSTD": 2530.1082482730353, "KurtosisMean": 685.8824890313101, "KurtosisMax": 10152.362270875434, "KurtosisMin": -1.3699808135331255, "SymbolsSum": 0.0, "SymbolsSTD": 0, "SymbolsMean": 0, "SymbolsMax": 0, "SymbolsMin": 0, "ClassProbabilitySTD": 0.008741101507224694, "ClassProbabilityMean": 0.003389830508474576, "ClassProbabilityMax": 0.06150230578219227, "ClassProbabilityMin": 4.434196523589925e-05, "InverseDatasetRatio": 1503.4666666666667, "DatasetRatio": 0.0006651294785384889, "RatioNominalToNumerical": 0.0, "RatioNumericalToNominal": 0.0, "NumberOfCategoricalFeatures": 0, "NumberOfNumericFeatures": 15, "NumberOfMissingValues": 0.0, "NumberOfFeaturesWithMissingValues": 0.0, "NumberOfInstancesWithMissingValues": 0.0, "NumberOfFeatures": 15.0, "NumberOfClasses": 295.0, "NumberOfInstances": 22552.0, "LogInverseDatasetRatio": 7.315528831691738, "LogDatasetRatio": -7.315528831691738, "PercentageOfMissingValues": 0.0, "PercentageOfFeaturesWithMissingValues": 0.0, "PercentageOfInstancesWithMissingValues": 0.0, "LogNumberOfFeatures": 2.70805020110221, "LogNumberOfInstances": 10.023579032793949}