{"PCASkewnessFirstPC": -0.0112124450070596, "PCAKurtosisFirstPC": -0.14574407808683176, "PCAFractionOfComponentsFor95PercentVariance": 0.8532110091743119, "Landmark1NN": 0.4612, "LandmarkRandomNodeLearner": 0.5388399999999999, "LandmarkDecisionNodeLearner": 0.58752, "LandmarkDecisionTree": 0.98004, "LandmarkNaiveBayes": 0.10307999999999999, "LandmarkLDA": 0.6694799999999999, "ClassEntropy": 3.34840952382608, "SkewnessSTD": 60.54399937344501, "SkewnessMean": 53.827938983206394, "SkewnessMax": 158.08550859151276, "SkewnessMin": -1.3600139353219285, "KurtosisSTD": 8925.786044928263, "KurtosisMean": 7101.88347826754, "KurtosisMax": 24991.003386813896, "KurtosisMin": -1.2642403750713012, "SymbolsSum": 0.0, "SymbolsSTD": 0, "SymbolsMean": 0, "SymbolsMax": 0, "SymbolsMin": 0, "ClassProbabilitySTD": 0.04461302366533721, "ClassProbabilityMean": 0.006711409395973154, "ClassProbabilityMax": 0.53884, "ClassProbabilityMin": 4e-05, "InverseDatasetRatio": 229.3577981651376, "DatasetRatio": 0.00436, "RatioNominalToNumerical": 0.0, "RatioNumericalToNominal": 0.0, "NumberOfCategoricalFeatures": 0, "NumberOfNumericFeatures": 109, "NumberOfMissingValues": 0.0, "NumberOfFeaturesWithMissingValues": 0.0, "NumberOfInstancesWithMissingValues": 0.0, "NumberOfFeatures": 109.0, "NumberOfClasses": 149.0, "NumberOfInstances": 25000.0, "LogInverseDatasetRatio": 5.435283221621194, "LogDatasetRatio": -5.435283221621194, "PercentageOfMissingValues": 0.0, "PercentageOfFeaturesWithMissingValues": 0.0, "PercentageOfInstancesWithMissingValues": 0.0, "LogNumberOfFeatures": 4.6913478822291435, "LogNumberOfInstances": 10.126631103850338}