{"PCASkewnessFirstPC": 1.0568677304419076, "PCAKurtosisFirstPC": 0.9157356839252242, "PCAFractionOfComponentsFor95PercentVariance": 0.3548387096774194, "Landmark1NN": 0.9402577239559076, "LandmarkRandomNodeLearner": 0.671386430678466, "LandmarkDecisionNodeLearner": 0.889209750038814, "LandmarkDecisionTree": 0.936686849868033, "LandmarkNaiveBayes": 0.9332091290172333, "LandmarkLDA": 0.9578481602235677, "ClassEntropy": 0.9526351224018599, "SkewnessSTD": 1.4890679795775854, "SkewnessMean": 1.8881010074877433, "SkewnessMax": 6.456673159539137, "SkewnessMin": 0.4143300457234307, "KurtosisSTD": 13.73382555770704, "KurtosisMean": 8.834968486547572, "KurtosisMax": 48.767195610504274, "KurtosisMin": -0.5413670700179067, "SymbolsSum": 0.0, "SymbolsSTD": 0, "SymbolsMean": 0, "SymbolsMax": 0, "SymbolsMin": 0, "ClassProbabilitySTD": 0.12741652021089633, "ClassProbabilityMean": 0.5, "ClassProbabilityMax": 0.6274165202108963, "ClassProbabilityMin": 0.37258347978910367, "InverseDatasetRatio": 17.78125, "DatasetRatio": 0.056239015817223195, "RatioNominalToNumerical": 0.0, "RatioNumericalToNominal": 0.0, "NumberOfCategoricalFeatures": 0, "NumberOfNumericFeatures": 32, "NumberOfMissingValues": 0.0, "NumberOfFeaturesWithMissingValues": 0.0, "NumberOfInstancesWithMissingValues": 0.0, "NumberOfFeatures": 32.0, "NumberOfClasses": 2.0, "NumberOfInstances": 569.0, "LogInverseDatasetRatio": 2.8781445313266043, "LogDatasetRatio": -2.8781445313266043, "PercentageOfMissingValues": 0.0, "PercentageOfFeaturesWithMissingValues": 0.0, "PercentageOfInstancesWithMissingValues": 0.0, "LogNumberOfFeatures": 3.4657359027997265, "LogNumberOfInstances": 6.343880434126331}