{"PCASkewnessFirstPC": -1.0346217985897235, "PCAKurtosisFirstPC": 1.1606879507515186, "PCAFractionOfComponentsFor95PercentVariance": 0.9166666666666666, "Landmark1NN": 0.57724, "LandmarkRandomNodeLearner": 0.57324, "LandmarkDecisionNodeLearner": 0.71092, "LandmarkDecisionTree": 0.63312, "LandmarkNaiveBayes": 0.5986800000000001, "LandmarkLDA": 0.64348, "ClassEntropy": 0.9999860346669427, "SkewnessSTD": 24.750346415572125, "SkewnessMean": 10.822236311960866, "SkewnessMax": 87.66295220053954, "SkewnessMin": -1.5309683427433223, "KurtosisSTD": 2207.4142640983036, "KurtosisMean": 788.8647083765109, "KurtosisMax": 7991.045842514085, "KurtosisMin": -1.5893790667159982, "SymbolsSum": 0.0, "SymbolsSTD": 0, "SymbolsMean": 0, "SymbolsMax": 0, "SymbolsMin": 0, "ClassProbabilitySTD": 0.0021999999999999797, "ClassProbabilityMean": 0.5, "ClassProbabilityMax": 0.5022, "ClassProbabilityMin": 0.4978, "InverseDatasetRatio": 2083.3333333333335, "DatasetRatio": 0.00048, "RatioNominalToNumerical": 0.0, "RatioNumericalToNominal": 0.0, "NumberOfCategoricalFeatures": 0, "NumberOfNumericFeatures": 12, "NumberOfMissingValues": 0.0, "NumberOfFeaturesWithMissingValues": 0.0, "NumberOfInstancesWithMissingValues": 0.0, "NumberOfFeatures": 12.0, "NumberOfClasses": 2.0, "NumberOfInstances": 25000.0, "LogInverseDatasetRatio": 7.641724454062338, "LogDatasetRatio": -7.641724454062337, "PercentageOfMissingValues": 0.0, "PercentageOfFeaturesWithMissingValues": 0.0, "PercentageOfInstancesWithMissingValues": 0.0, "LogNumberOfFeatures": 2.4849066497880004, "LogNumberOfInstances": 10.126631103850338}