{"PCASkewnessFirstPC": 2.307217065639666, "PCAKurtosisFirstPC": 34.4081417894368, "PCAFractionOfComponentsFor95PercentVariance": 0.875, "Landmark1NN": 0.52272, "LandmarkRandomNodeLearner": 0.28691999999999995, "LandmarkDecisionNodeLearner": 0.2908, "LandmarkDecisionTree": 0.54072, "LandmarkNaiveBayes": 0.25044, "LandmarkLDA": 0.32236000000000004, "ClassEntropy": 8.082908901090489, "SkewnessSTD": 6.5277034947439265, "SkewnessMean": 4.009568814178592, "SkewnessMax": 16.477172306583974, "SkewnessMin": -0.5533825380234372, "KurtosisSTD": 136.58362312367845, "KurtosisMean": 77.74972332507646, "KurtosisMax": 346.525765550724, "KurtosisMin": -1.2029028103494257, "SymbolsSum": 0.0, "SymbolsSTD": 0, "SymbolsMean": 0, "SymbolsMax": 0, "SymbolsMin": 0, "ClassProbabilitySTD": 0.00417265041568505, "ClassProbabilityMean": 0.00020559210526315794, "ClassProbabilityMax": 0.28692, "ClassProbabilityMin": 4e-05, "InverseDatasetRatio": 3125.0, "DatasetRatio": 0.00032, "RatioNominalToNumerical": 0.0, "RatioNumericalToNominal": 0.0, "NumberOfCategoricalFeatures": 0, "NumberOfNumericFeatures": 8, "NumberOfMissingValues": 0.0, "NumberOfFeaturesWithMissingValues": 0.0, "NumberOfInstancesWithMissingValues": 0.0, "NumberOfFeatures": 8.0, "NumberOfClasses": 4864.0, "NumberOfInstances": 25000.0, "LogInverseDatasetRatio": 8.047189562170502, "LogDatasetRatio": -8.047189562170502, "PercentageOfMissingValues": 0.0, "PercentageOfFeaturesWithMissingValues": 0.0, "PercentageOfInstancesWithMissingValues": 0.0, "LogNumberOfFeatures": 2.0794415416798357, "LogNumberOfInstances": 10.126631103850338}