{"PCASkewnessFirstPC": 0.10979162967961272, "PCAKurtosisFirstPC": -0.8156973359904685, "PCAFractionOfComponentsFor95PercentVariance": 0.8947368421052632, "Landmark1NN": 0.004347826086956522, "LandmarkRandomNodeLearner": 0.022028985507246378, "LandmarkDecisionNodeLearner": 0.022028985507246378, "LandmarkDecisionTree": 0.01748792270531401, "LandmarkNaiveBayes": 0.03951690821256039, "LandmarkLDA": 0.021932367149758457, "ClassEntropy": 6.757454641778131, "SkewnessSTD": 2.371445590106422, "SkewnessMean": 0.8147864419332285, "SkewnessMax": 9.139316671083904, "SkewnessMin": -0.33082829477529846, "KurtosisSTD": 21.87746547011814, "KurtosisMean": 5.865093108689713, "KurtosisMax": 89.76964703233166, "KurtosisMin": -1.3381139058226934, "SymbolsSum": 0.0, "SymbolsSTD": 0, "SymbolsMean": 0, "SymbolsMax": 0, "SymbolsMin": 0, "ClassProbabilitySTD": 0.005272437670540866, "ClassProbabilityMean": 0.007633587786259542, "ClassProbabilityMax": 0.030837004405286344, "ClassProbabilityMin": 0.004405286343612335, "InverseDatasetRatio": 11.947368421052632, "DatasetRatio": 0.08370044052863436, "RatioNominalToNumerical": 0.0, "RatioNumericalToNominal": 0.0, "NumberOfCategoricalFeatures": 0, "NumberOfNumericFeatures": 19, "NumberOfMissingValues": 0.0, "NumberOfFeaturesWithMissingValues": 0.0, "NumberOfInstancesWithMissingValues": 0.0, "NumberOfFeatures": 19.0, "NumberOfClasses": 131.0, "NumberOfInstances": 227.0, "LogInverseDatasetRatio": 2.4805110383149622, "LogDatasetRatio": -2.4805110383149622, "PercentageOfMissingValues": 0.0, "PercentageOfFeaturesWithMissingValues": 0.0, "PercentageOfInstancesWithMissingValues": 0.0, "LogNumberOfFeatures": 2.9444389791664403, "LogNumberOfInstances": 5.424950017481403}