{"PCASkewnessFirstPC": 1.3333752289469063, "PCAKurtosisFirstPC": 9.853766986542176, "PCAFractionOfComponentsFor95PercentVariance": 0.875, "Landmark1NN": 0.23629485314722637, "LandmarkRandomNodeLearner": 0.09605479123020055, "LandmarkDecisionNodeLearner": 0.09678471823749983, "LandmarkDecisionTree": 0.3787280321328013, "LandmarkNaiveBayes": 0.05734330588878954, "LandmarkLDA": 0.14427267510908873, "ClassEntropy": 8.460311476975221, "SkewnessSTD": 3.2925369522057553, "SkewnessMean": 2.9925880846338675, "SkewnessMax": 7.963311584840387, "SkewnessMin": -0.08915321991004695, "KurtosisSTD": 33.419570228344575, "KurtosisMean": 23.758081401281796, "KurtosisMax": 84.22169754714317, "KurtosisMin": -1.442364370858178, "SymbolsSum": 0.0, "SymbolsSTD": 0, "SymbolsMean": 0, "SymbolsMax": 0, "SymbolsMin": 0, "ClassProbabilitySTD": 0.0036260777034483583, "ClassProbabilityMean": 0.0008888888888888889, "ClassProbabilityMax": 0.09605551497443389, "ClassProbabilityMin": 0.0003652300949598247, "InverseDatasetRatio": 342.25, "DatasetRatio": 0.0029218407596785976, "RatioNominalToNumerical": 0.0, "RatioNumericalToNominal": 0.0, "NumberOfCategoricalFeatures": 0, "NumberOfNumericFeatures": 8, "NumberOfMissingValues": 0.0, "NumberOfFeaturesWithMissingValues": 0.0, "NumberOfInstancesWithMissingValues": 0.0, "NumberOfFeatures": 8.0, "NumberOfClasses": 1125.0, "NumberOfInstances": 2738.0, "LogInverseDatasetRatio": 5.835541464168558, "LogDatasetRatio": -5.835541464168558, "PercentageOfMissingValues": 0.0, "PercentageOfFeaturesWithMissingValues": 0.0, "PercentageOfInstancesWithMissingValues": 0.0, "LogNumberOfFeatures": 2.0794415416798357, "LogNumberOfInstances": 7.914983005848394}