{"PCASkewnessFirstPC": -0.025227796705705813, "PCAKurtosisFirstPC": -0.11351984653223735, "PCAFractionOfComponentsFor95PercentVariance": 1.0, "Landmark1NN": 0.19211618257261412, "LandmarkRandomNodeLearner": 0.17593360995850624, "LandmarkDecisionNodeLearner": 0.21784232365145226, "LandmarkDecisionTree": 0.25394190871369293, "LandmarkNaiveBayes": 0.09170124481327802, "LandmarkLDA": 0.195850622406639, "ClassEntropy": 5.221936767373477, "SkewnessSTD": 0.799095501077393, "SkewnessMean": 0.4079564536725965, "SkewnessMax": 2.0454132285327002, "SkewnessMin": -0.4412896753065338, "KurtosisSTD": 3.5462154051705173, "KurtosisMean": 1.1386506565902885, "KurtosisMax": 9.018797723025154, "KurtosisMin": -1.2000004132160969, "SymbolsSum": 0.0, "SymbolsSTD": 0, "SymbolsMean": 0, "SymbolsMax": 0, "SymbolsMin": 0, "ClassProbabilitySTD": 0.021587732609159287, "ClassProbabilityMean": 0.01, "ClassProbabilityMax": 0.17593360995850624, "ClassProbabilityMin": 0.0004149377593360996, "InverseDatasetRatio": 344.2857142857143, "DatasetRatio": 0.002904564315352697, "RatioNominalToNumerical": 0.0, "RatioNumericalToNominal": 0.0, "NumberOfCategoricalFeatures": 0, "NumberOfNumericFeatures": 7, "NumberOfMissingValues": 0.0, "NumberOfFeaturesWithMissingValues": 0.0, "NumberOfInstancesWithMissingValues": 0.0, "NumberOfFeatures": 7.0, "NumberOfClasses": 100.0, "NumberOfInstances": 2410.0, "LogInverseDatasetRatio": 5.841471877429387, "LogDatasetRatio": -5.841471877429387, "PercentageOfMissingValues": 0.0, "PercentageOfFeaturesWithMissingValues": 0.0, "PercentageOfInstancesWithMissingValues": 0.0, "LogNumberOfFeatures": 1.9459101490553132, "LogNumberOfInstances": 7.787382026484701}