{"PCASkewnessFirstPC": 0.024250427443174617, "PCAKurtosisFirstPC": -1.127526707157187, "PCAFractionOfComponentsFor95PercentVariance": 0.8260869565217391, "Landmark1NN": 0.07336000000000001, "LandmarkRandomNodeLearner": 0.08256000000000001, "LandmarkDecisionNodeLearner": 0.08256000000000001, "LandmarkDecisionTree": 0.09404000000000001, "LandmarkNaiveBayes": 0.00648, "LandmarkLDA": 0.061320000000000006, "ClassEntropy": 9.388475128034216, "SkewnessSTD": 9.587890760130795, "SkewnessMean": 1.1348395171582155, "SkewnessMax": 40.10614673774873, "SkewnessMin": -22.206376673923472, "KurtosisSTD": 622.7492333449184, "KurtosisMean": 155.14111891729883, "KurtosisMax": 3037.5723466449635, "KurtosisMin": -1.740471459305102, "SymbolsSum": 0.0, "SymbolsSTD": 0, "SymbolsMean": 0, "SymbolsMax": 0, "SymbolsMin": 0, "ClassProbabilitySTD": 0.001574717355489906, "ClassProbabilityMean": 0.00027901785714285713, "ClassProbabilityMax": 0.08256, "ClassProbabilityMin": 4e-05, "InverseDatasetRatio": 1041.6666666666667, "DatasetRatio": 0.00096, "RatioNominalToNumerical": 0.0, "RatioNumericalToNominal": 0.0, "NumberOfCategoricalFeatures": 0, "NumberOfNumericFeatures": 24, "NumberOfMissingValues": 0.0, "NumberOfFeaturesWithMissingValues": 0.0, "NumberOfInstancesWithMissingValues": 0.0, "NumberOfFeatures": 24.0, "NumberOfClasses": 3584.0, "NumberOfInstances": 25000.0, "LogInverseDatasetRatio": 6.9485772735023925, "LogDatasetRatio": -6.9485772735023925, "PercentageOfMissingValues": 0.0, "PercentageOfFeaturesWithMissingValues": 0.0, "PercentageOfInstancesWithMissingValues": 0.0, "LogNumberOfFeatures": 3.1780538303479458, "LogNumberOfInstances": 10.126631103850338}