{"PCASkewnessFirstPC": -0.03964121335005957, "PCAKurtosisFirstPC": -1.0811048450960066, "PCAFractionOfComponentsFor95PercentVariance": 0.75, "Landmark1NN": 0.39992, "LandmarkRandomNodeLearner": 0.06251999999999999, "LandmarkDecisionNodeLearner": 0.11191999999999999, "LandmarkDecisionTree": 0.99916, "LandmarkNaiveBayes": 0.9975999999999999, "LandmarkLDA": 0.9996400000000001, "ClassEntropy": 5.922770608621047, "SkewnessSTD": 4.757937631064351, "SkewnessMean": 1.0678021299868368, "SkewnessMax": 18.81875832792564, "SkewnessMin": -3.5371453335182665, "KurtosisSTD": 85.19268761748471, "KurtosisMean": 22.52313725773069, "KurtosisMax": 352.1456650048706, "KurtosisMin": -1.4023179907768986, "SymbolsSum": 0.0, "SymbolsSTD": 0, "SymbolsMean": 0, "SymbolsMax": 0, "SymbolsMin": 0, "ClassProbabilitySTD": 0.010947814514974293, "ClassProbabilityMean": 0.005780346820809248, "ClassProbabilityMax": 0.0612, "ClassProbabilityMin": 4e-05, "InverseDatasetRatio": 1562.5, "DatasetRatio": 0.00064, "RatioNominalToNumerical": 0.0, "RatioNumericalToNominal": 0.0, "NumberOfCategoricalFeatures": 0, "NumberOfNumericFeatures": 16, "NumberOfMissingValues": 0.0, "NumberOfFeaturesWithMissingValues": 0.0, "NumberOfInstancesWithMissingValues": 0.0, "NumberOfFeatures": 16.0, "NumberOfClasses": 173.0, "NumberOfInstances": 25000.0, "LogInverseDatasetRatio": 7.354042381610556, "LogDatasetRatio": -7.354042381610556, "PercentageOfMissingValues": 0.0, "PercentageOfFeaturesWithMissingValues": 0.0, "PercentageOfInstancesWithMissingValues": 0.0, "LogNumberOfFeatures": 2.772588722239781, "LogNumberOfInstances": 10.126631103850338}