{"PCASkewnessFirstPC": 0.11916696070023484, "PCAKurtosisFirstPC": -0.8308021959312084, "PCAFractionOfComponentsFor95PercentVariance": 0.75, "Landmark1NN": 0.05, "LandmarkRandomNodeLearner": 0.05, "LandmarkDecisionNodeLearner": 0.05, "LandmarkDecisionTree": 0.045, "LandmarkNaiveBayes": 0.034999999999999996, "LandmarkLDA": 0.045000000000000005, "ClassEntropy": 6.130692990607343, "SkewnessSTD": 0.1737168779809305, "SkewnessMean": 0.26077251109837496, "SkewnessMax": 0.48191947090957177, "SkewnessMin": 4.440892098500626e-18, "KurtosisSTD": 0.668848192422668, "KurtosisMean": -0.9880656668945786, "KurtosisMax": -0.12589282974751104, "KurtosisMin": -1.9415584415584421, "SymbolsSum": 0.0, "SymbolsSTD": 0, "SymbolsMean": 0, "SymbolsMax": 0, "SymbolsMin": 0, "ClassProbabilitySTD": 0.007672801449677153, "ClassProbabilityMean": 0.011904761904761904, "ClassProbabilityMax": 0.04, "ClassProbabilityMin": 0.005, "InverseDatasetRatio": 50.0, "DatasetRatio": 0.02, "RatioNominalToNumerical": 0.0, "RatioNumericalToNominal": 0.0, "NumberOfCategoricalFeatures": 0, "NumberOfNumericFeatures": 4, "NumberOfMissingValues": 0.0, "NumberOfFeaturesWithMissingValues": 0.0, "NumberOfInstancesWithMissingValues": 0.0, "NumberOfFeatures": 4.0, "NumberOfClasses": 84.0, "NumberOfInstances": 200.0, "LogInverseDatasetRatio": 3.912023005428146, "LogDatasetRatio": -3.912023005428146, "PercentageOfMissingValues": 0.0, "PercentageOfFeaturesWithMissingValues": 0.0, "PercentageOfInstancesWithMissingValues": 0.0, "LogNumberOfFeatures": 1.3862943611198906, "LogNumberOfInstances": 5.298317366548036}