{"PCASkewnessFirstPC": 0.05340126560145756, "PCAKurtosisFirstPC": -1.163539961841962, "PCAFractionOfComponentsFor95PercentVariance": 0.6842105263157895, "Landmark1NN": 0.14384, "LandmarkRandomNodeLearner": 0.055920000000000004, "LandmarkDecisionNodeLearner": 0.08932, "LandmarkDecisionTree": 0.92656, "LandmarkNaiveBayes": 0.25116, "LandmarkLDA": 0.14784000000000003, "ClassEntropy": 6.101705887670522, "SkewnessSTD": 2.4828671151241215, "SkewnessMean": 1.0376545389278096, "SkewnessMax": 9.142099721799521, "SkewnessMin": -0.6830421750898724, "KurtosisSTD": 61.10390460421526, "KurtosisMean": 19.33535630003872, "KurtosisMax": 263.1022453114099, "KurtosisMin": -1.4758957320213864, "SymbolsSum": 0.0, "SymbolsSTD": 0, "SymbolsMean": 0, "SymbolsMax": 0, "SymbolsMin": 0, "ClassProbabilitySTD": 0.00795998020038103, "ClassProbabilityMean": 0.0031847133757961785, "ClassProbabilityMax": 0.0512, "ClassProbabilityMin": 4e-05, "InverseDatasetRatio": 1315.7894736842106, "DatasetRatio": 0.00076, "RatioNominalToNumerical": 0.0, "RatioNumericalToNominal": 0.0, "NumberOfCategoricalFeatures": 0, "NumberOfNumericFeatures": 19, "NumberOfMissingValues": 0.0, "NumberOfFeaturesWithMissingValues": 0.0, "NumberOfInstancesWithMissingValues": 0.0, "NumberOfFeatures": 19.0, "NumberOfClasses": 314.0, "NumberOfInstances": 25000.0, "LogInverseDatasetRatio": 7.182192124683898, "LogDatasetRatio": -7.182192124683898, "PercentageOfMissingValues": 0.0, "PercentageOfFeaturesWithMissingValues": 0.0, "PercentageOfInstancesWithMissingValues": 0.0, "LogNumberOfFeatures": 2.9444389791664403, "LogNumberOfInstances": 10.126631103850338}