{"PCASkewnessFirstPC": 1.6679875949787053, "PCAKurtosisFirstPC": 4.777659479990828, "PCAFractionOfComponentsFor95PercentVariance": 0.6666666666666666, "Landmark1NN": 0.72332, "LandmarkRandomNodeLearner": 0.77816, "LandmarkDecisionNodeLearner": 0.8187200000000001, "LandmarkDecisionTree": 0.72472, "LandmarkNaiveBayes": 0.7447600000000001, "LandmarkLDA": 0.81052, "ClassEntropy": 0.7635130853198869, "SkewnessSTD": 6.921551213647946, "SkewnessMean": 4.692516937758699, "SkewnessMax": 31.124556434732554, "SkewnessMin": -0.43386182419233166, "KurtosisSTD": 350.2121957694528, "KurtosisMean": 118.01580845131214, "KurtosisMax": 1754.4810113167894, "KurtosisMin": -1.811763917508502, "SymbolsSum": 0.0, "SymbolsSTD": 0, "SymbolsMean": 0, "SymbolsMax": 0, "SymbolsMin": 0, "ClassProbabilitySTD": 0.27815999999999996, "ClassProbabilityMean": 0.5, "ClassProbabilityMax": 0.77816, "ClassProbabilityMin": 0.22184, "InverseDatasetRatio": 1041.6666666666667, "DatasetRatio": 0.00096, "RatioNominalToNumerical": 0.0, "RatioNumericalToNominal": 0.0, "NumberOfCategoricalFeatures": 0, "NumberOfNumericFeatures": 24, "NumberOfMissingValues": 0.0, "NumberOfFeaturesWithMissingValues": 0.0, "NumberOfInstancesWithMissingValues": 0.0, "NumberOfFeatures": 24.0, "NumberOfClasses": 2.0, "NumberOfInstances": 25000.0, "LogInverseDatasetRatio": 6.9485772735023925, "LogDatasetRatio": -6.9485772735023925, "PercentageOfMissingValues": 0.0, "PercentageOfFeaturesWithMissingValues": 0.0, "PercentageOfInstancesWithMissingValues": 0.0, "LogNumberOfFeatures": 3.1780538303479458, "LogNumberOfInstances": 10.126631103850338}