{"PCASkewnessFirstPC": 0.5885532230822667, "PCAKurtosisFirstPC": 0.6156462341182611, "PCAFractionOfComponentsFor95PercentVariance": 0.7, "Landmark1NN": 0.07243999999999999, "LandmarkRandomNodeLearner": 0.0031200000000000004, "LandmarkDecisionNodeLearner": 0.00496, "LandmarkDecisionTree": 0.58304, "LandmarkNaiveBayes": 0.4664, "LandmarkLDA": 0.11392, "ClassEntropy": 12.266708011199933, "SkewnessSTD": 1.411146710229338, "SkewnessMean": 0.9582563506339266, "SkewnessMax": 4.429681269030423, "SkewnessMin": -0.1789659823380206, "KurtosisSTD": 56.66748071579746, "KurtosisMean": 27.287681354442253, "KurtosisMax": 175.06027327140558, "KurtosisMin": -1.197685580918834, "SymbolsSum": 0.0, "SymbolsSTD": 0, "SymbolsMean": 0, "SymbolsMax": 0, "SymbolsMin": 0, "ClassProbabilitySTD": 0.00017926532342415016, "ClassProbabilityMean": 0.00011856770215793221, "ClassProbabilityMax": 0.00252, "ClassProbabilityMin": 4e-05, "InverseDatasetRatio": 2500.0, "DatasetRatio": 0.0004, "RatioNominalToNumerical": 0.0, "RatioNumericalToNominal": 0.0, "NumberOfCategoricalFeatures": 0, "NumberOfNumericFeatures": 10, "NumberOfMissingValues": 0.0, "NumberOfFeaturesWithMissingValues": 0.0, "NumberOfInstancesWithMissingValues": 0.0, "NumberOfFeatures": 10.0, "NumberOfClasses": 8434.0, "NumberOfInstances": 25000.0, "LogInverseDatasetRatio": 7.824046010856292, "LogDatasetRatio": -7.824046010856292, "PercentageOfMissingValues": 0.0, "PercentageOfFeaturesWithMissingValues": 0.0, "PercentageOfInstancesWithMissingValues": 0.0, "LogNumberOfFeatures": 2.302585092994046, "LogNumberOfInstances": 10.126631103850338}