{"PCASkewnessFirstPC": 0.0366786142289017, "PCAKurtosisFirstPC": -1.854475608622604, "PCAFractionOfComponentsFor95PercentVariance": 0.6666666666666666, "Landmark1NN": 0.9873199999999999, "LandmarkRandomNodeLearner": 0.9882, "LandmarkDecisionNodeLearner": 0.9907199999999999, "LandmarkDecisionTree": 0.9927999999999999, "LandmarkNaiveBayes": 0.98796, "LandmarkLDA": 0.9902, "ClassEntropy": 0.9991060369055266, "SkewnessSTD": 18.18119037152248, "SkewnessMean": 7.592760206069275, "SkewnessMax": 57.051102658334656, "SkewnessMin": -5.740050303894669, "KurtosisSTD": 1347.8518538817962, "KurtosisMean": 540.7060007757415, "KurtosisMax": 4723.027600986573, "KurtosisMin": -1.9499768046404897, "SymbolsSum": 0.0, "SymbolsSTD": 0, "SymbolsMean": 0, "SymbolsMax": 0, "SymbolsMin": 0, "ClassProbabilitySTD": 0.017599999999999977, "ClassProbabilityMean": 0.5, "ClassProbabilityMax": 0.5176, "ClassProbabilityMin": 0.4824, "InverseDatasetRatio": 2083.3333333333335, "DatasetRatio": 0.00048, "RatioNominalToNumerical": 0.0, "RatioNumericalToNominal": 0.0, "NumberOfCategoricalFeatures": 0, "NumberOfNumericFeatures": 12, "NumberOfMissingValues": 0.0, "NumberOfFeaturesWithMissingValues": 0.0, "NumberOfInstancesWithMissingValues": 0.0, "NumberOfFeatures": 12.0, "NumberOfClasses": 2.0, "NumberOfInstances": 25000.0, "LogInverseDatasetRatio": 7.641724454062338, "LogDatasetRatio": -7.641724454062337, "PercentageOfMissingValues": 0.0, "PercentageOfFeaturesWithMissingValues": 0.0, "PercentageOfInstancesWithMissingValues": 0.0, "LogNumberOfFeatures": 2.4849066497880004, "LogNumberOfInstances": 10.126631103850338}