{"PCASkewnessFirstPC": -0.22665032209533187, "PCAKurtosisFirstPC": 61.438020773205125, "PCAFractionOfComponentsFor95PercentVariance": 1.0, "Landmark1NN": 0.05952, "LandmarkRandomNodeLearner": 0.0026, "LandmarkDecisionNodeLearner": 0.00312, "LandmarkDecisionTree": 0.667, "LandmarkNaiveBayes": 0.57216, "LandmarkLDA": 0.79848, "ClassEntropy": 12.74274772095217, "SkewnessSTD": 2.1536814754027502, "SkewnessMean": 0.0066797797461284015, "SkewnessMax": 4.270805117777775, "SkewnessMin": -3.6011190167040064, "KurtosisSTD": 463.40153013935424, "KurtosisMean": 190.36548202222113, "KurtosisMax": 1325.4113285915284, "KurtosisMin": -1.242622881783923, "SymbolsSum": 0.0, "SymbolsSTD": 0, "SymbolsMean": 0, "SymbolsMax": 0, "SymbolsMin": 0, "ClassProbabilitySTD": 0.00011984895455818484, "ClassProbabilityMean": 9.815469179426778e-05, "ClassProbabilityMax": 0.00196, "ClassProbabilityMin": 4e-05, "InverseDatasetRatio": 3571.4285714285716, "DatasetRatio": 0.00028, "RatioNominalToNumerical": 0.0, "RatioNumericalToNominal": 0.0, "NumberOfCategoricalFeatures": 0, "NumberOfNumericFeatures": 7, "NumberOfMissingValues": 0.0, "NumberOfFeaturesWithMissingValues": 0.0, "NumberOfInstancesWithMissingValues": 0.0, "NumberOfFeatures": 7.0, "NumberOfClasses": 10188.0, "NumberOfInstances": 25000.0, "LogInverseDatasetRatio": 8.180720954795024, "LogDatasetRatio": -8.180720954795024, "PercentageOfMissingValues": 0.0, "PercentageOfFeaturesWithMissingValues": 0.0, "PercentageOfInstancesWithMissingValues": 0.0, "LogNumberOfFeatures": 1.9459101490553132, "LogNumberOfInstances": 10.126631103850338}