{"PCASkewnessFirstPC": 6.791318062529587, "PCAKurtosisFirstPC": 71.12746486348478, "PCAFractionOfComponentsFor95PercentVariance": 0.7368421052631579, "Landmark1NN": 0.9496885192529672, "LandmarkRandomNodeLearner": 0.8840680143250363, "LandmarkDecisionNodeLearner": 0.8840680143250363, "LandmarkDecisionTree": 0.9939995856394471, "LandmarkNaiveBayes": 0.09023754698552697, "LandmarkLDA": 0.8666046408381922, "ClassEntropy": 0.7984854389778865, "SkewnessSTD": 11.176250701155627, "SkewnessMean": 6.03420451909601, "SkewnessMax": 48.46368020368843, "SkewnessMin": -2.261225000307565, "KurtosisSTD": 714.1476476135385, "KurtosisMean": 221.66745204565981, "KurtosisMax": 3221.833564177039, "KurtosisMin": -1.2557066021983498, "SymbolsSum": 0.0, "SymbolsSTD": 0, "SymbolsMean": 0, "SymbolsMax": 0, "SymbolsMin": 0, "ClassProbabilitySTD": 0.2871120309270625, "ClassProbabilityMean": 0.125, "ClassProbabilityMax": 0.8840680052311717, "ClassProbabilityMin": 0.0014616508962227864, "InverseDatasetRatio": 684.1578947368421, "DatasetRatio": 0.0014616508962227864, "RatioNominalToNumerical": 0.0, "RatioNumericalToNominal": 0.0, "NumberOfCategoricalFeatures": 0, "NumberOfNumericFeatures": 19, "NumberOfMissingValues": 0.0, "NumberOfFeaturesWithMissingValues": 0.0, "NumberOfInstancesWithMissingValues": 0.0, "NumberOfFeatures": 19.0, "NumberOfClasses": 8.0, "NumberOfInstances": 12999.0, "LogInverseDatasetRatio": 6.5281887312415785, "LogDatasetRatio": -6.5281887312415785, "PercentageOfMissingValues": 0.0, "PercentageOfFeaturesWithMissingValues": 0.0, "PercentageOfInstancesWithMissingValues": 0.0, "LogNumberOfFeatures": 2.9444389791664403, "LogNumberOfInstances": 9.47262771040802}