{"PCASkewnessFirstPC": 1.153310412037233, "PCAKurtosisFirstPC": 1.0087633721008569, "PCAFractionOfComponentsFor95PercentVariance": 0.2815533980582524, "Landmark1NN": 0.06866191512481029, "LandmarkRandomNodeLearner": 0.029051193323494984, "LandmarkDecisionNodeLearner": 0.0346319001876869, "LandmarkDecisionTree": 0.40551540559229143, "LandmarkNaiveBayes": 0.04584767426893408, "LandmarkLDA": 0.16604669123259702, "ClassEntropy": 6.7749033406006, "SkewnessSTD": 1.935346906807542, "SkewnessMean": 0.3070798636110002, "SkewnessMax": 7.82045404811445, "SkewnessMin": -8.553633435331996, "KurtosisSTD": 14.191237131398788, "KurtosisMean": 3.712673973450832, "KurtosisMax": 100.31008229492366, "KurtosisMin": -1.354885051351234, "SymbolsSum": 0.0, "SymbolsSTD": 0, "SymbolsMean": 0, "SymbolsMax": 0, "SymbolsMin": 0, "ClassProbabilitySTD": 0.005486773532720916, "ClassProbabilityMean": 0.004672897196261682, "ClassProbabilityMax": 0.026862895283947915, "ClassProbabilityMin": 5.47105810263705e-05, "InverseDatasetRatio": 177.45631067961165, "DatasetRatio": 0.005635189845716162, "RatioNominalToNumerical": 0.0, "RatioNumericalToNominal": 0.0, "NumberOfCategoricalFeatures": 0, "NumberOfNumericFeatures": 103, "NumberOfMissingValues": 0.0, "NumberOfFeaturesWithMissingValues": 0.0, "NumberOfInstancesWithMissingValues": 0.0, "NumberOfFeatures": 103.0, "NumberOfClasses": 214.0, "NumberOfInstances": 18278.0, "LogInverseDatasetRatio": 5.178724441602511, "LogDatasetRatio": -5.178724441602511, "PercentageOfMissingValues": 0.0, "PercentageOfFeaturesWithMissingValues": 0.0, "PercentageOfInstancesWithMissingValues": 0.0, "LogNumberOfFeatures": 4.634728988229636, "LogNumberOfInstances": 9.813453429832148}