{"PCASkewnessFirstPC": -0.3967949074965318, "PCAKurtosisFirstPC": 0.28197512917602774, "PCAFractionOfComponentsFor95PercentVariance": 0.6206896551724138, "Landmark1NN": 0.87416, "LandmarkRandomNodeLearner": 0.9016400000000001, "LandmarkDecisionNodeLearner": 0.9016400000000001, "LandmarkDecisionTree": 0.90976, "LandmarkNaiveBayes": 0.02096, "LandmarkLDA": 0.88384, "ClassEntropy": 1.0733299686226496, "SkewnessSTD": 12.905850139979147, "SkewnessMean": 6.1118893974697865, "SkewnessMax": 63.07311250137234, "SkewnessMin": -2.1408234120237903, "KurtosisSTD": 849.8713908027194, "KurtosisMean": 251.1695144904156, "KurtosisMax": 4527.173640730573, "KurtosisMin": -1.4586738657471585, "SymbolsSum": 0.0, "SymbolsSTD": 0, "SymbolsMean": 0, "SymbolsMax": 0, "SymbolsMin": 0, "ClassProbabilitySTD": 0.06437184922523098, "ClassProbabilityMean": 0.005128205128205128, "ClassProbabilityMax": 0.90164, "ClassProbabilityMin": 4e-05, "InverseDatasetRatio": 833.3333333333334, "DatasetRatio": 0.0012, "RatioNominalToNumerical": 0.0, "RatioNumericalToNominal": 0.0, "NumberOfCategoricalFeatures": 0, "NumberOfNumericFeatures": 30, "NumberOfMissingValues": 0.0, "NumberOfFeaturesWithMissingValues": 0.0, "NumberOfInstancesWithMissingValues": 0.0, "NumberOfFeatures": 30.0, "NumberOfClasses": 195.0, "NumberOfInstances": 25000.0, "LogInverseDatasetRatio": 6.725433722188183, "LogDatasetRatio": -6.725433722188183, "PercentageOfMissingValues": 0.0, "PercentageOfFeaturesWithMissingValues": 0.0, "PercentageOfInstancesWithMissingValues": 0.0, "LogNumberOfFeatures": 3.4011973816621555, "LogNumberOfInstances": 10.126631103850338}