{"PCASkewnessFirstPC": 1.210213390722361, "PCAKurtosisFirstPC": -0.06490390191422479, "PCAFractionOfComponentsFor95PercentVariance": 0.6666666666666666, "Landmark1NN": 0.9827999999999999, "LandmarkRandomNodeLearner": 0.9743999999999999, "LandmarkDecisionNodeLearner": 0.9743999999999999, "LandmarkDecisionTree": 0.9999600000000001, "LandmarkNaiveBayes": 0.98376, "LandmarkLDA": 0.96876, "ClassEntropy": 0.17182160114151904, "SkewnessSTD": 3.258517036765971, "SkewnessMean": 1.9437146908530152, "SkewnessMax": 14.578130984775552, "SkewnessMin": -0.8337815991427878, "KurtosisSTD": 44.84017215666993, "KurtosisMean": 13.44094115555753, "KurtosisMax": 210.52190300927333, "KurtosisMin": -1.9915180521984523, "SymbolsSum": 0.0, "SymbolsSTD": 0, "SymbolsMean": 0, "SymbolsMax": 0, "SymbolsMin": 0, "ClassProbabilitySTD": 0.4744, "ClassProbabilityMean": 0.5, "ClassProbabilityMax": 0.9744, "ClassProbabilityMin": 0.0256, "InverseDatasetRatio": 1190.4761904761904, "DatasetRatio": 0.00084, "RatioNominalToNumerical": 0.0, "RatioNumericalToNominal": 0.0, "NumberOfCategoricalFeatures": 0, "NumberOfNumericFeatures": 21, "NumberOfMissingValues": 0.0, "NumberOfFeaturesWithMissingValues": 0.0, "NumberOfInstancesWithMissingValues": 0.0, "NumberOfFeatures": 21.0, "NumberOfClasses": 2.0, "NumberOfInstances": 25000.0, "LogInverseDatasetRatio": 7.082108666126914, "LogDatasetRatio": -7.082108666126914, "PercentageOfMissingValues": 0.0, "PercentageOfFeaturesWithMissingValues": 0.0, "PercentageOfInstancesWithMissingValues": 0.0, "LogNumberOfFeatures": 3.044522437723423, "LogNumberOfInstances": 10.126631103850338}