{"PCASkewnessFirstPC": 3.482693973190196, "PCAKurtosisFirstPC": 18.445430646133868, "PCAFractionOfComponentsFor95PercentVariance": 0.6875, "Landmark1NN": 0.9568321139015227, "LandmarkRandomNodeLearner": 0.7456317975084042, "LandmarkDecisionNodeLearner": 0.9989717223650386, "LandmarkDecisionTree": 0.9958868894601542, "LandmarkNaiveBayes": 0.9974293059125964, "LandmarkLDA": 0.9989717223650386, "ClassEntropy": 0.8181280186200133, "SkewnessSTD": 9.821896181915207, "SkewnessMean": 3.9167494838764347, "SkewnessMax": 31.195043022572797, "SkewnessMin": -31.20112753560311, "KurtosisSTD": 248.14628585986478, "KurtosisMean": 111.27346512752138, "KurtosisMax": 972.6855962242144, "KurtosisMin": -1.9938896734847167, "SymbolsSum": 0.0, "SymbolsSTD": 0, "SymbolsMean": 0, "SymbolsMax": 0, "SymbolsMin": 0, "ClassProbabilitySTD": 0.24563206577595065, "ClassProbabilityMean": 0.5, "ClassProbabilityMax": 0.7456320657759506, "ClassProbabilityMin": 0.25436793422404935, "InverseDatasetRatio": 60.8125, "DatasetRatio": 0.01644398766700925, "RatioNominalToNumerical": 0.0, "RatioNumericalToNominal": 0.0, "NumberOfCategoricalFeatures": 0, "NumberOfNumericFeatures": 32, "NumberOfMissingValues": 0.0, "NumberOfFeaturesWithMissingValues": 0.0, "NumberOfInstancesWithMissingValues": 0.0, "NumberOfFeatures": 32.0, "NumberOfClasses": 2.0, "NumberOfInstances": 1946.0, "LogInverseDatasetRatio": 4.107795359946224, "LogDatasetRatio": -4.107795359946224, "PercentageOfMissingValues": 0.0, "PercentageOfFeaturesWithMissingValues": 0.0, "PercentageOfInstancesWithMissingValues": 0.0, "LogNumberOfFeatures": 3.4657359027997265, "LogNumberOfInstances": 7.57353126274595}