{"PCASkewnessFirstPC": 0.15588333458259954, "PCAKurtosisFirstPC": 0.47727489676851054, "PCAFractionOfComponentsFor95PercentVariance": 1.0, "Landmark1NN": 0.659016393442623, "LandmarkRandomNodeLearner": 0.7344262295081968, "LandmarkDecisionNodeLearner": 0.7147540983606557, "LandmarkDecisionTree": 0.6491803278688525, "LandmarkNaiveBayes": 0.740983606557377, "LandmarkLDA": 0.7475409836065574, "ClassEntropy": 0.8350413249926817, "SkewnessSTD": 1.3406183077058984, "SkewnessMean": 1.0676124441184554, "SkewnessMax": 2.963017345405076, "SkewnessMin": 0.08161684045358489, "KurtosisSTD": 5.820224092775455, "KurtosisMean": 3.2479012902876234, "KurtosisMax": 11.473482225268777, "KurtosisMin": -1.1244589110737375, "SymbolsSum": 0.0, "SymbolsSTD": 0, "SymbolsMean": 0, "SymbolsMax": 0, "SymbolsMin": 0, "ClassProbabilitySTD": 0.23442622950819672, "ClassProbabilityMean": 0.5, "ClassProbabilityMax": 0.7344262295081967, "ClassProbabilityMin": 0.26557377049180325, "InverseDatasetRatio": 101.66666666666667, "DatasetRatio": 0.009836065573770493, "RatioNominalToNumerical": 0.0, "RatioNumericalToNominal": 0.0, "NumberOfCategoricalFeatures": 0, "NumberOfNumericFeatures": 3, "NumberOfMissingValues": 0.0, "NumberOfFeaturesWithMissingValues": 0.0, "NumberOfInstancesWithMissingValues": 0.0, "NumberOfFeatures": 3.0, "NumberOfClasses": 2.0, "NumberOfInstances": 305.0, "LogInverseDatasetRatio": 4.621699487939302, "LogDatasetRatio": -4.621699487939302, "PercentageOfMissingValues": 0.0, "PercentageOfFeaturesWithMissingValues": 0.0, "PercentageOfInstancesWithMissingValues": 0.0, "LogNumberOfFeatures": 1.0986122886681098, "LogNumberOfInstances": 5.720311776607412}