{"PCASkewnessFirstPC": 1.0092936587501423e-17, "PCAKurtosisFirstPC": -1.2000774818401931, "PCAFractionOfComponentsFor95PercentVariance": 1.0, "Landmark1NN": 0.9771428571428572, "LandmarkRandomNodeLearner": 0.4887301587301588, "LandmarkDecisionNodeLearner": 0.4887301587301588, "LandmarkDecisionTree": 0.9828571428571429, "LandmarkNaiveBayes": 0.9657142857142859, "LandmarkLDA": 0.9714285714285715, "ClassEntropy": 2.2516791520534105, "SkewnessSTD": 0.0, "SkewnessMean": -1.0092936587501423e-17, "SkewnessMax": -1.0092936587501423e-17, "SkewnessMin": -1.0092936587501423e-17, "KurtosisSTD": 0.0, "KurtosisMean": -1.2000774818401931, "KurtosisMax": -1.2000774818401931, "KurtosisMin": -1.2000774818401931, "SymbolsSum": 0.0, "SymbolsSTD": 0, "SymbolsMean": 0, "SymbolsMax": 0, "SymbolsMin": 0, "ClassProbabilitySTD": 0.06155273892704929, "ClassProbabilityMean": 0.2, "ClassProbabilityMax": 0.29545454545454547, "ClassProbabilityMin": 0.10795454545454546, "InverseDatasetRatio": 58.666666666666664, "DatasetRatio": 0.017045454545454544, "RatioNominalToNumerical": 0.0, "RatioNumericalToNominal": 0.0, "NumberOfCategoricalFeatures": 0, "NumberOfNumericFeatures": 3, "NumberOfMissingValues": 0.0, "NumberOfFeaturesWithMissingValues": 0.0, "NumberOfInstancesWithMissingValues": 0.0, "NumberOfFeatures": 3.0, "NumberOfClasses": 5.0, "NumberOfInstances": 176.0, "LogInverseDatasetRatio": 4.071871706370042, "LogDatasetRatio": -4.071871706370042, "PercentageOfMissingValues": 0.0, "PercentageOfFeaturesWithMissingValues": 0.0, "PercentageOfInstancesWithMissingValues": 0.0, "LogNumberOfFeatures": 1.0986122886681098, "LogNumberOfInstances": 5.170483995038151}