{"PCASkewnessFirstPC": 0.34121006927393127, "PCAKurtosisFirstPC": -0.6831818473591471, "PCAFractionOfComponentsFor95PercentVariance": 0.9230769230769231, "Landmark1NN": 0.765464480874317, "LandmarkRandomNodeLearner": 0.5378142076502732, "LandmarkDecisionNodeLearner": 0.7592896174863388, "LandmarkDecisionTree": 0.7822950819672132, "LandmarkNaiveBayes": 0.8081967213114755, "LandmarkLDA": 0.8150819672131148, "ClassEntropy": 0.9942646092619051, "SkewnessSTD": 0.8365586024621574, "SkewnessMean": 0.4054801529352327, "SkewnessMax": 1.9768034646834507, "SkewnessMin": -0.7874122909518424, "KurtosisSTD": 1.622129366373686, "KurtosisMean": 0.24344165952287478, "KurtosisMax": 4.411682119729872, "KurtosisMin": -1.4540998217468812, "SymbolsSum": 0.0, "SymbolsSTD": 0, "SymbolsMean": 0, "SymbolsMax": 0, "SymbolsMin": 0, "ClassProbabilitySTD": 0.044554455445544566, "ClassProbabilityMean": 0.5, "ClassProbabilityMax": 0.5445544554455446, "ClassProbabilityMin": 0.45544554455445546, "InverseDatasetRatio": 23.307692307692307, "DatasetRatio": 0.0429042904290429, "RatioNominalToNumerical": 0.0, "RatioNumericalToNominal": 0.0, "NumberOfCategoricalFeatures": 0, "NumberOfNumericFeatures": 13, "NumberOfMissingValues": 0.0, "NumberOfFeaturesWithMissingValues": 0.0, "NumberOfInstancesWithMissingValues": 0.0, "NumberOfFeatures": 13.0, "NumberOfClasses": 2.0, "NumberOfInstances": 303.0, "LogInverseDatasetRatio": 3.1487834480478325, "LogDatasetRatio": -3.1487834480478325, "PercentageOfMissingValues": 0.0, "PercentageOfFeaturesWithMissingValues": 0.0, "PercentageOfInstancesWithMissingValues": 0.0, "LogNumberOfFeatures": 2.5649493574615367, "LogNumberOfInstances": 5.713732805509369}