{"PCASkewnessFirstPC": 0.7073631908672734, "PCAKurtosisFirstPC": 2.2708942459896777, "PCAFractionOfComponentsFor95PercentVariance": 0.782608695652174, "Landmark1NN": 0.99412, "LandmarkRandomNodeLearner": 0.7037599999999999, "LandmarkDecisionNodeLearner": 0.9996400000000001, "LandmarkDecisionTree": 0.9995200000000001, "LandmarkNaiveBayes": 0.9945999999999999, "LandmarkLDA": 0.9994, "ClassEntropy": 0.8766460243375265, "SkewnessSTD": 4.781729006065056, "SkewnessMean": 1.45534403093348, "SkewnessMax": 18.18504306722348, "SkewnessMin": -8.23625230155855, "KurtosisSTD": 80.73912792672596, "KurtosisMean": 28.63895132084584, "KurtosisMax": 388.47989753937316, "KurtosisMin": -1.9352465738113298, "SymbolsSum": 0.0, "SymbolsSTD": 0, "SymbolsMean": 0, "SymbolsMax": 0, "SymbolsMin": 0, "ClassProbabilitySTD": 0.20376000000000002, "ClassProbabilityMean": 0.5, "ClassProbabilityMax": 0.70376, "ClassProbabilityMin": 0.29624, "InverseDatasetRatio": 1086.9565217391305, "DatasetRatio": 0.00092, "RatioNominalToNumerical": 0.0, "RatioNumericalToNominal": 0.0, "NumberOfCategoricalFeatures": 0, "NumberOfNumericFeatures": 23, "NumberOfMissingValues": 0.0, "NumberOfFeaturesWithMissingValues": 0.0, "NumberOfInstancesWithMissingValues": 0.0, "NumberOfFeatures": 23.0, "NumberOfClasses": 2.0, "NumberOfInstances": 25000.0, "LogInverseDatasetRatio": 6.991136887921188, "LogDatasetRatio": -6.991136887921188, "PercentageOfMissingValues": 0.0, "PercentageOfFeaturesWithMissingValues": 0.0, "PercentageOfInstancesWithMissingValues": 0.0, "LogNumberOfFeatures": 3.1354942159291497, "LogNumberOfInstances": 10.126631103850338}