{"PCASkewnessFirstPC": 0.16914065954788596, "PCAKurtosisFirstPC": -0.017875352948899526, "PCAFractionOfComponentsFor95PercentVariance": 0.8064516129032258, "Landmark1NN": 0.97552, "LandmarkRandomNodeLearner": 0.67476, "LandmarkDecisionNodeLearner": 0.99032, "LandmarkDecisionTree": 1.0, "LandmarkNaiveBayes": 0.9918799999999999, "LandmarkLDA": 0.99032, "ClassEntropy": 0.9499630720999831, "SkewnessSTD": 7.499020943112832, "SkewnessMean": 4.424829253017675, "SkewnessMax": 26.879520327898103, "SkewnessMin": -1.8534511035377779, "KurtosisSTD": 377.22897349259875, "KurtosisMean": 130.36751905613767, "KurtosisMax": 1930.8823430917248, "KurtosisMin": -1.5077001756582675, "SymbolsSum": 0.0, "SymbolsSTD": 0, "SymbolsMean": 0, "SymbolsMax": 0, "SymbolsMin": 0, "ClassProbabilitySTD": 0.13092, "ClassProbabilityMean": 0.5, "ClassProbabilityMax": 0.63092, "ClassProbabilityMin": 0.36908, "InverseDatasetRatio": 806.4516129032259, "DatasetRatio": 0.00124, "RatioNominalToNumerical": 0.0, "RatioNumericalToNominal": 0.0, "NumberOfCategoricalFeatures": 0, "NumberOfNumericFeatures": 31, "NumberOfMissingValues": 0.0, "NumberOfFeaturesWithMissingValues": 0.0, "NumberOfInstancesWithMissingValues": 0.0, "NumberOfFeatures": 31.0, "NumberOfClasses": 2.0, "NumberOfInstances": 25000.0, "LogInverseDatasetRatio": 6.6926438993651916, "LogDatasetRatio": -6.6926438993651916, "PercentageOfMissingValues": 0.0, "PercentageOfFeaturesWithMissingValues": 0.0, "PercentageOfInstancesWithMissingValues": 0.0, "LogNumberOfFeatures": 3.4339872044851463, "LogNumberOfInstances": 10.126631103850338}