{"PCASkewnessFirstPC": 0.7513580421498139, "PCAKurtosisFirstPC": 1.0929834882145109, "PCAFractionOfComponentsFor95PercentVariance": 0.75, "Landmark1NN": 0.009068526310685191, "LandmarkRandomNodeLearner": 0.007911900691960815, "LandmarkDecisionNodeLearner": 0.010688029108960894, "LandmarkDecisionTree": 0.009947770301508145, "LandmarkNaiveBayes": 0.0014805604322756052, "LandmarkLDA": 0.009068761806220784, "ClassEntropy": 10.162479501662478, "SkewnessSTD": 3.855224380606774, "SkewnessMean": 2.6564767950837096, "SkewnessMax": 13.05911254131475, "SkewnessMin": -0.4852367968198406, "KurtosisSTD": 71.34234071522125, "KurtosisMean": 32.68875201326135, "KurtosisMax": 285.0115958277882, "KurtosisMin": -1.2710707834024246, "SymbolsSum": 0.0, "SymbolsSTD": 0, "SymbolsMean": 0, "SymbolsMax": 0, "SymbolsMin": 0, "ClassProbabilitySTD": 0.0006806437126235175, "ClassProbabilityMean": 0.00024826216484607745, "ClassProbabilityMax": 0.007958173321611993, "ClassProbabilityMin": 4.6268449544255775e-05, "InverseDatasetRatio": 1080.65, "DatasetRatio": 0.0009253689908851155, "RatioNominalToNumerical": 0.0, "RatioNumericalToNominal": 0.0, "NumberOfCategoricalFeatures": 0, "NumberOfNumericFeatures": 20, "NumberOfMissingValues": 0.0, "NumberOfFeaturesWithMissingValues": 0.0, "NumberOfInstancesWithMissingValues": 0.0, "NumberOfFeatures": 20.0, "NumberOfClasses": 4028.0, "NumberOfInstances": 21613.0, "LogInverseDatasetRatio": 6.985317990929928, "LogDatasetRatio": -6.985317990929928, "PercentageOfMissingValues": 0.0, "PercentageOfFeaturesWithMissingValues": 0.0, "PercentageOfInstancesWithMissingValues": 0.0, "LogNumberOfFeatures": 2.995732273553991, "LogNumberOfInstances": 9.981050264483919}