{"PCASkewnessFirstPC": 0.6952243271832151, "PCAKurtosisFirstPC": -0.42427141578129435, "PCAFractionOfComponentsFor95PercentVariance": 0.18149466192170818, "Landmark1NN": 0.9669473771833683, "LandmarkRandomNodeLearner": 0.21681229391824713, "LandmarkDecisionNodeLearner": 0.3574538122522973, "LandmarkDecisionTree": 0.9454569754482349, "LandmarkNaiveBayes": 0.7293330003653399, "LandmarkLDA": 0.9801420663438727, "ClassEntropy": 2.5735907363748787, "SkewnessSTD": 2.3175205623228337, "SkewnessMean": 1.663446919754758, "SkewnessMax": 14.703051424607487, "SkewnessMin": -3.447618906556662, "KurtosisSTD": 37.22469452002562, "KurtosisMean": 13.752657627652395, "KurtosisMax": 375.80562196292135, "KurtosisMin": -1.8418601101289342, "SymbolsSum": 0.0, "SymbolsSTD": 0, "SymbolsMean": 0, "SymbolsMax": 0, "SymbolsMin": 0, "ClassProbabilitySTD": 0.02072286239233325, "ClassProbabilityMean": 0.16666666666666666, "ClassProbabilityMax": 0.1913764961915125, "ClassProbabilityMin": 0.13411316648531013, "InverseDatasetRatio": 13.08185053380783, "DatasetRatio": 0.0764417845484222, "RatioNominalToNumerical": 0.0, "RatioNumericalToNominal": 0.0, "NumberOfCategoricalFeatures": 0, "NumberOfNumericFeatures": 562, "NumberOfMissingValues": 0.0, "NumberOfFeaturesWithMissingValues": 0.0, "NumberOfInstancesWithMissingValues": 0.0, "NumberOfFeatures": 562.0, "NumberOfClasses": 6.0, "NumberOfInstances": 7352.0, "LogInverseDatasetRatio": 2.571225814141832, "LogDatasetRatio": -2.571225814141832, "PercentageOfMissingValues": 0.0, "PercentageOfFeaturesWithMissingValues": 0.0, "PercentageOfInstancesWithMissingValues": 0.0, "LogNumberOfFeatures": 6.331501849893691, "LogNumberOfInstances": 8.902727664035522}