{"PCASkewnessFirstPC": 0.968373744124222, "PCAKurtosisFirstPC": 0.7129386449341273, "PCAFractionOfComponentsFor95PercentVariance": 0.7741935483870968, "Landmark1NN": 0.7952380952380953, "LandmarkRandomNodeLearner": 0.8387755102040817, "LandmarkDecisionNodeLearner": 0.8387755102040817, "LandmarkDecisionTree": 0.7721088435374149, "LandmarkNaiveBayes": 0.7816326530612245, "LandmarkLDA": 0.8598639455782313, "ClassEntropy": 0.6372308920655037, "SkewnessSTD": 0.8004307310930825, "SkewnessMean": 0.40956786873033446, "SkewnessMax": 1.982264623462894, "SkewnessMin": -1.437537182918681, "KurtosisSTD": 1.307162066739942, "KurtosisMean": -0.06041369677165432, "KurtosisMax": 3.9180565560944602, "KurtosisMin": -1.8333333333333333, "SymbolsSum": 0.0, "SymbolsSTD": 0, "SymbolsMean": 0, "SymbolsMax": 0, "SymbolsMin": 0, "ClassProbabilitySTD": 0.3387755102040816, "ClassProbabilityMean": 0.5, "ClassProbabilityMax": 0.8387755102040816, "ClassProbabilityMin": 0.16122448979591836, "InverseDatasetRatio": 43.23529411764706, "DatasetRatio": 0.02312925170068027, "RatioNominalToNumerical": 0.0, "RatioNumericalToNominal": 0.0, "NumberOfCategoricalFeatures": 0, "NumberOfNumericFeatures": 34, "NumberOfMissingValues": 0.0, "NumberOfFeaturesWithMissingValues": 0.0, "NumberOfInstancesWithMissingValues": 0.0, "NumberOfFeatures": 34.0, "NumberOfClasses": 2.0, "NumberOfInstances": 1470.0, "LogInverseDatasetRatio": 3.7666571551566204, "LogDatasetRatio": -3.766657155156621, "PercentageOfMissingValues": 0.0, "PercentageOfFeaturesWithMissingValues": 0.0, "PercentageOfInstancesWithMissingValues": 0.0, "LogNumberOfFeatures": 3.5263605246161616, "LogNumberOfInstances": 7.293017679772782}