{"PCASkewnessFirstPC": 5.523599120397908, "PCAKurtosisFirstPC": 112.22643853271494, "PCAFractionOfComponentsFor95PercentVariance": 1.0, "Landmark1NN": 0.00756, "LandmarkRandomNodeLearner": 0.012439999999999998, "LandmarkDecisionNodeLearner": 0.01692, "LandmarkDecisionTree": 0.04256, "LandmarkNaiveBayes": 0.00844, "LandmarkLDA": 0.013800000000000002, "ClassEntropy": 7.2997769246931945, "SkewnessSTD": 12.298615060172478, "SkewnessMean": 7.063922413798555, "SkewnessMax": 28.365628082107822, "SkewnessMin": -0.10354600582162396, "KurtosisSTD": 434.7329430289683, "KurtosisMean": 249.82124558332177, "KurtosisMax": 1002.800787864225, "KurtosisMin": -1.2300416853217448, "SymbolsSum": 0.0, "SymbolsSTD": 0, "SymbolsMean": 0, "SymbolsMax": 0, "SymbolsMin": 0, "ClassProbabilitySTD": 0.003792754368137899, "ClassProbabilityMean": 0.0041841004184100415, "ClassProbabilityMax": 0.01304, "ClassProbabilityMin": 4e-05, "InverseDatasetRatio": 6250.0, "DatasetRatio": 0.00016, "RatioNominalToNumerical": 0.0, "RatioNumericalToNominal": 0.0, "NumberOfCategoricalFeatures": 0, "NumberOfNumericFeatures": 4, "NumberOfMissingValues": 0.0, "NumberOfFeaturesWithMissingValues": 0.0, "NumberOfInstancesWithMissingValues": 0.0, "NumberOfFeatures": 4.0, "NumberOfClasses": 239.0, "NumberOfInstances": 25000.0, "LogInverseDatasetRatio": 8.740336742730447, "LogDatasetRatio": -8.740336742730447, "PercentageOfMissingValues": 0.0, "PercentageOfFeaturesWithMissingValues": 0.0, "PercentageOfInstancesWithMissingValues": 0.0, "LogNumberOfFeatures": 1.3862943611198906, "LogNumberOfInstances": 10.126631103850338}