{"PCASkewnessFirstPC": 0.8211842124080805, "PCAKurtosisFirstPC": -0.07491661351270995, "PCAFractionOfComponentsFor95PercentVariance": 0.8888888888888888, "Landmark1NN": 0.1517732909860859, "LandmarkRandomNodeLearner": 0.31537464350531497, "LandmarkDecisionNodeLearner": 0.31537464350531497, "LandmarkDecisionTree": 0.15736215538847118, "LandmarkNaiveBayes": 0.01149749373433584, "LandmarkLDA": 0.30584975369458134, "ClassEntropy": 5.80496641241759, "SkewnessSTD": 0.7815029537479941, "SkewnessMean": 0.3480017858097136, "SkewnessMax": 2.4719048317727177, "SkewnessMin": -0.2683178498881141, "KurtosisSTD": 2.2523563679862972, "KurtosisMean": -0.08188218489098434, "KurtosisMax": 4.855246202417832, "KurtosisMin": -1.4574208804879158, "SymbolsSum": 0.0, "SymbolsSTD": 0, "SymbolsMean": 0, "SymbolsMax": 0, "SymbolsMin": 0, "ClassProbabilitySTD": 0.014987727035707605, "ClassProbabilityMean": 0.0021186440677966097, "ClassProbabilityMax": 0.31537450722733246, "ClassProbabilityMin": 0.000328515111695138, "InverseDatasetRatio": 338.22222222222223, "DatasetRatio": 0.002956636005256242, "RatioNominalToNumerical": 0.0, "RatioNumericalToNominal": 0.0, "NumberOfCategoricalFeatures": 0, "NumberOfNumericFeatures": 9, "NumberOfMissingValues": 0.0, "NumberOfFeaturesWithMissingValues": 0.0, "NumberOfInstancesWithMissingValues": 0.0, "NumberOfFeatures": 9.0, "NumberOfClasses": 472.0, "NumberOfInstances": 3044.0, "LogInverseDatasetRatio": 5.823703141645357, "LogDatasetRatio": -5.823703141645357, "PercentageOfMissingValues": 0.0, "PercentageOfFeaturesWithMissingValues": 0.0, "PercentageOfInstancesWithMissingValues": 0.0, "LogNumberOfFeatures": 2.1972245773362196, "LogNumberOfInstances": 8.020927718981577}