{"PCASkewnessFirstPC": 0.32877663066105234, "PCAKurtosisFirstPC": -1.1733327109970595, "PCAFractionOfComponentsFor95PercentVariance": 0.7400881057268722, "Landmark1NN": 0.6319096927522625, "LandmarkRandomNodeLearner": 0.6874850433742148, "LandmarkDecisionNodeLearner": 0.6874850433742148, "LandmarkDecisionTree": 0.6636154851886467, "LandmarkNaiveBayes": 0.3940531668687123, "LandmarkLDA": 0.6249699436228239, "ClassEntropy": 3.414879680770822, "SkewnessSTD": 5.092667766648211, "SkewnessMean": 4.409572807372716, "SkewnessMax": 31.94311524304071, "SkewnessMin": -2.4366437651104134, "KurtosisSTD": 125.86209544411057, "KurtosisMean": 46.76134497842888, "KurtosisMax": 1061.0439611429747, "KurtosisMin": -1.7107988128406844, "SymbolsSum": 0.0, "SymbolsSTD": 0, "SymbolsMean": 0, "SymbolsMax": 0, "SymbolsMin": 0, "ClassProbabilitySTD": 0.022821109056289805, "ClassProbabilityMean": 0.0011025358324145535, "ClassProbabilityMax": 0.6874850442689638, "ClassProbabilityMin": 5.9822924144532185e-05, "InverseDatasetRatio": 73.63876651982379, "DatasetRatio": 0.013579803780808806, "RatioNominalToNumerical": 0.0, "RatioNumericalToNominal": 0.0, "NumberOfCategoricalFeatures": 0, "NumberOfNumericFeatures": 227, "NumberOfMissingValues": 0.0, "NumberOfFeaturesWithMissingValues": 0.0, "NumberOfInstancesWithMissingValues": 0.0, "NumberOfFeatures": 227.0, "NumberOfClasses": 907.0, "NumberOfInstances": 16716.0, "LogInverseDatasetRatio": 4.299171606086404, "LogDatasetRatio": -4.299171606086404, "PercentageOfMissingValues": 0.0, "PercentageOfFeaturesWithMissingValues": 0.0, "PercentageOfInstancesWithMissingValues": 0.0, "LogNumberOfFeatures": 5.424950017481403, "LogNumberOfInstances": 9.724121623567806}