{"PCASkewnessFirstPC": 1.6381388720693953e-18, "PCAKurtosisFirstPC": -1.200000031891304, "PCAFractionOfComponentsFor95PercentVariance": 1.0, "Landmark1NN": 0.13671469740634007, "LandmarkRandomNodeLearner": 0.2111815561959654, "LandmarkDecisionNodeLearner": 0.2111815561959654, "LandmarkDecisionTree": 0.13417867435158504, "LandmarkNaiveBayes": 0.2111815561959654, "LandmarkLDA": 0.2111815561959654, "ClassEntropy": 3.2874875265064976, "SkewnessSTD": 0.0, "SkewnessMean": -1.6381388720693953e-18, "SkewnessMax": -1.6381388720693953e-18, "SkewnessMin": -1.6381388720693953e-18, "KurtosisSTD": 0.0, "KurtosisMean": -1.200000031891304, "KurtosisMax": -1.200000031891304, "KurtosisMin": -1.200000031891304, "SymbolsSum": 0.0, "SymbolsSTD": 0, "SymbolsMean": 0, "SymbolsMax": 0, "SymbolsMin": 0, "ClassProbabilitySTD": 0.06436750505791472, "ClassProbabilityMean": 0.0625, "ClassProbabilityMax": 0.21118155619596543, "ClassProbabilityMin": 0.004495677233429395, "InverseDatasetRatio": 8675.0, "DatasetRatio": 0.00011527377521613833, "RatioNominalToNumerical": 0.0, "RatioNumericalToNominal": 0.0, "NumberOfCategoricalFeatures": 0, "NumberOfNumericFeatures": 1, "NumberOfMissingValues": 0.0, "NumberOfFeaturesWithMissingValues": 0.0, "NumberOfInstancesWithMissingValues": 0.0, "NumberOfFeatures": 1.0, "NumberOfClasses": 16.0, "NumberOfInstances": 8675.0, "LogInverseDatasetRatio": 9.06820060481506, "LogDatasetRatio": -9.06820060481506, "PercentageOfMissingValues": 0.0, "PercentageOfFeaturesWithMissingValues": 0.0, "PercentageOfInstancesWithMissingValues": 0.0, "LogNumberOfFeatures": 0.0, "LogNumberOfInstances": 9.06820060481506}