{"PCASkewnessFirstPC": 0.030692884202901827, "PCAKurtosisFirstPC": -1.0441879979804722, "PCAFractionOfComponentsFor95PercentVariance": 1.0, "Landmark1NN": 0.0, "LandmarkRandomNodeLearner": 0.0012799999999999999, "LandmarkDecisionNodeLearner": 0.0012799999999999999, "LandmarkDecisionTree": 0.0, "LandmarkNaiveBayes": 0.0, "LandmarkLDA": 0.00172, "ClassEntropy": 14.585282996143135, "SkewnessSTD": 0.0, "SkewnessMean": 0.030692884202901827, "SkewnessMax": 0.030692884202901827, "SkewnessMin": 0.030692884202901827, "KurtosisSTD": 0.0, "KurtosisMean": -1.0441879979804722, "KurtosisMax": -1.0441879979804722, "KurtosisMin": -1.0441879979804722, "SymbolsSum": 0.0, "SymbolsSTD": 0, "SymbolsMean": 0, "SymbolsMax": 0, "SymbolsMin": 0, "ClassProbabilitySTD": 9.599129192166297e-06, "ClassProbabilityMean": 4.031607805192711e-05, "ClassProbabilityMax": 0.00088, "ClassProbabilityMin": 4e-05, "InverseDatasetRatio": 25000.0, "DatasetRatio": 4e-05, "RatioNominalToNumerical": 0.0, "RatioNumericalToNominal": 0.0, "NumberOfCategoricalFeatures": 0, "NumberOfNumericFeatures": 1, "NumberOfMissingValues": 0.0, "NumberOfFeaturesWithMissingValues": 0.0, "NumberOfInstancesWithMissingValues": 0.0, "NumberOfFeatures": 1.0, "NumberOfClasses": 24804.0, "NumberOfInstances": 25000.0, "LogInverseDatasetRatio": 10.126631103850338, "LogDatasetRatio": -10.126631103850338, "PercentageOfMissingValues": 0.0, "PercentageOfFeaturesWithMissingValues": 0.0, "PercentageOfInstancesWithMissingValues": 0.0, "LogNumberOfFeatures": 0.0, "LogNumberOfInstances": 10.126631103850338}