{"PCASkewnessFirstPC": 0.7630654821598724, "PCAKurtosisFirstPC": -0.7166119968218596, "PCAFractionOfComponentsFor95PercentVariance": 0.7142857142857143, "Landmark1NN": 1.0, "LandmarkRandomNodeLearner": 0.5755781735505874, "LandmarkDecisionNodeLearner": 0.7402741189844637, "LandmarkDecisionTree": 1.0, "LandmarkNaiveBayes": 0.9151909056460781, "LandmarkLDA": 0.9449777188328913, "ClassEntropy": 0.9990678968724604, "SkewnessSTD": 2.201580125316645, "SkewnessMean": -0.5875180084258718, "SkewnessMax": 2.701158403504731, "SkewnessMin": -6.945661192077106, "KurtosisSTD": 12.89608815973213, "KurtosisMean": 4.182749522524012, "KurtosisMax": 51.15919896390279, "KurtosisMin": -1.9263989618885102, "SymbolsSum": 0.0, "SymbolsSTD": 0, "SymbolsMean": 0, "SymbolsMax": 0, "SymbolsMin": 0, "ClassProbabilitySTD": 0.017971442639094032, "ClassProbabilityMean": 0.5, "ClassProbabilityMax": 0.517971442639094, "ClassProbabilityMin": 0.48202855736090594, "InverseDatasetRatio": 369.27272727272725, "DatasetRatio": 0.0027080256031511572, "RatioNominalToNumerical": 0.0, "RatioNumericalToNominal": 0.0, "NumberOfCategoricalFeatures": 0, "NumberOfNumericFeatures": 22, "NumberOfMissingValues": 0.0, "NumberOfFeaturesWithMissingValues": 0.0, "NumberOfInstancesWithMissingValues": 0.0, "NumberOfFeatures": 22.0, "NumberOfClasses": 2.0, "NumberOfInstances": 8124.0, "LogInverseDatasetRatio": 5.91153546934196, "LogDatasetRatio": -5.91153546934196, "PercentageOfMissingValues": 0.0, "PercentageOfFeaturesWithMissingValues": 0.0, "PercentageOfInstancesWithMissingValues": 0.0, "LogNumberOfFeatures": 3.091042453358316, "LogNumberOfInstances": 9.002577922700276}