{"PCASkewnessFirstPC": 0.3126667906687485, "PCAKurtosisFirstPC": 0.2137150322355832, "PCAFractionOfComponentsFor95PercentVariance": 0.9090909090909091, "Landmark1NN": 0.7001901192074461, "LandmarkRandomNodeLearner": 0.3251525008334609, "LandmarkDecisionNodeLearner": 0.5975297375016251, "LandmarkDecisionTree": 0.9996792301523657, "LandmarkNaiveBayes": 0.9993584603047314, "LandmarkLDA": 1.0, "ClassEntropy": 2.7707971447762345, "SkewnessSTD": 1.7728226096037052, "SkewnessMean": -0.8052361086966584, "SkewnessMax": 0.7922997299588093, "SkewnessMin": -5.149653228026485, "KurtosisSTD": 10.102480619090278, "KurtosisMean": 3.6087036355475277, "KurtosisMax": 30.310002646840537, "KurtosisMin": -1.6966465085543905, "SymbolsSum": 0.0, "SymbolsSTD": 0, "SymbolsMean": 0, "SymbolsMax": 0, "SymbolsMin": 0, "ClassProbabilitySTD": 0.09620611569548726, "ClassProbabilityMean": 0.06666666666666667, "ClassProbabilityMax": 0.3251523901187039, "ClassProbabilityMin": 0.0003208213025344883, "InverseDatasetRatio": 566.7272727272727, "DatasetRatio": 0.0017645171639396856, "RatioNominalToNumerical": 0.0, "RatioNumericalToNominal": 0.0, "NumberOfCategoricalFeatures": 0, "NumberOfNumericFeatures": 11, "NumberOfMissingValues": 0.0, "NumberOfFeaturesWithMissingValues": 0.0, "NumberOfInstancesWithMissingValues": 0.0, "NumberOfFeatures": 11.0, "NumberOfClasses": 15.0, "NumberOfInstances": 6234.0, "LogInverseDatasetRatio": 6.339878187528912, "LogDatasetRatio": -6.339878187528912, "PercentageOfMissingValues": 0.0, "PercentageOfFeaturesWithMissingValues": 0.0, "PercentageOfInstancesWithMissingValues": 0.0, "LogNumberOfFeatures": 2.3978952727983707, "LogNumberOfInstances": 8.737773460327283}