{"PCASkewnessFirstPC": -0.8258136774662983, "PCAKurtosisFirstPC": 0.20665968516168487, "PCAFractionOfComponentsFor95PercentVariance": 0.8571428571428571, "Landmark1NN": 0.20324, "LandmarkRandomNodeLearner": 0.053959999999999994, "LandmarkDecisionNodeLearner": 0.05108, "LandmarkDecisionTree": 0.32999999999999996, "LandmarkNaiveBayes": 0.05244, "LandmarkLDA": 0.057600000000000005, "ClassEntropy": 10.678971472309001, "SkewnessSTD": 6.065719567889986, "SkewnessMean": 3.2547665172549545, "SkewnessMax": 14.985255789132687, "SkewnessMin": -2.39584232789085, "KurtosisSTD": 114.64159540474571, "KurtosisMean": 63.355930204750166, "KurtosisMax": 326.4310181344731, "KurtosisMin": -1.2202329290414478, "SymbolsSum": 0.0, "SymbolsSTD": 0, "SymbolsMean": 0, "SymbolsMax": 0, "SymbolsMin": 0, "ClassProbabilitySTD": 0.0007956367343243249, "ClassProbabilityMean": 0.00013594344752582924, "ClassProbabilityMax": 0.04908, "ClassProbabilityMin": 4e-05, "InverseDatasetRatio": 3571.4285714285716, "DatasetRatio": 0.00028, "RatioNominalToNumerical": 0.0, "RatioNumericalToNominal": 0.0, "NumberOfCategoricalFeatures": 0, "NumberOfNumericFeatures": 7, "NumberOfMissingValues": 0.0, "NumberOfFeaturesWithMissingValues": 0.0, "NumberOfInstancesWithMissingValues": 0.0, "NumberOfFeatures": 7.0, "NumberOfClasses": 7356.0, "NumberOfInstances": 25000.0, "LogInverseDatasetRatio": 8.180720954795024, "LogDatasetRatio": -8.180720954795024, "PercentageOfMissingValues": 0.0, "PercentageOfFeaturesWithMissingValues": 0.0, "PercentageOfInstancesWithMissingValues": 0.0, "LogNumberOfFeatures": 1.9459101490553132, "LogNumberOfInstances": 10.126631103850338}