{"PCASkewnessFirstPC": 0.2664873362097229, "PCAKurtosisFirstPC": -0.743457957283574, "PCAFractionOfComponentsFor95PercentVariance": 1.0, "Landmark1NN": 0.07187999999999999, "LandmarkRandomNodeLearner": 0.01904, "LandmarkDecisionNodeLearner": 0.030720000000000004, "LandmarkDecisionTree": 0.9978399999999998, "LandmarkNaiveBayes": 0.9886799999999999, "LandmarkLDA": 0.9627600000000001, "ClassEntropy": 8.466327793577843, "SkewnessSTD": 0.1928524283237413, "SkewnessMean": -0.16547515302354557, "SkewnessMax": 0.054711588225654605, "SkewnessMin": -0.3632756646563822, "KurtosisSTD": 0.06928832750118649, "KurtosisMean": -1.2696399325658563, "KurtosisMax": -1.1889396195157251, "KurtosisMin": -1.3789616060792529, "SymbolsSum": 0.0, "SymbolsSTD": 0, "SymbolsMean": 0, "SymbolsMax": 0, "SymbolsMin": 0, "ClassProbabilitySTD": 0.0015372783629955713, "ClassProbabilityMean": 0.002277904328018223, "ClassProbabilityMax": 0.01904, "ClassProbabilityMin": 4e-05, "InverseDatasetRatio": 6250.0, "DatasetRatio": 0.00016, "RatioNominalToNumerical": 0.0, "RatioNumericalToNominal": 0.0, "NumberOfCategoricalFeatures": 0, "NumberOfNumericFeatures": 4, "NumberOfMissingValues": 0.0, "NumberOfFeaturesWithMissingValues": 0.0, "NumberOfInstancesWithMissingValues": 0.0, "NumberOfFeatures": 4.0, "NumberOfClasses": 439.0, "NumberOfInstances": 25000.0, "LogInverseDatasetRatio": 8.740336742730447, "LogDatasetRatio": -8.740336742730447, "PercentageOfMissingValues": 0.0, "PercentageOfFeaturesWithMissingValues": 0.0, "PercentageOfInstancesWithMissingValues": 0.0, "LogNumberOfFeatures": 1.3862943611198906, "LogNumberOfInstances": 10.126631103850338}