{"PCASkewnessFirstPC": 0.1805123834324664, "PCAKurtosisFirstPC": 0.8399811811800806, "PCAFractionOfComponentsFor95PercentVariance": 1.0, "Landmark1NN": 0.6771156947627537, "LandmarkRandomNodeLearner": 0.6783889313301077, "LandmarkDecisionNodeLearner": 0.71484593837535, "LandmarkDecisionTree": 0.7121806298276887, "LandmarkNaiveBayes": 0.7513029454205925, "LandmarkLDA": 0.7643239113827349, "ClassEntropy": 0.9331343166407832, "SkewnessSTD": 1.238665108772285, "SkewnessMean": 0.5282118837708744, "SkewnessMax": 2.267810458513176, "SkewnessMin": -1.8400052311728736, "KurtosisSTD": 2.732333722223152, "KurtosisMean": 2.749524196420432, "KurtosisMax": 7.159574916971426, "KurtosisMin": -0.5244944887652787, "SymbolsSum": 0.0, "SymbolsSTD": 0, "SymbolsMean": 0, "SymbolsMax": 0, "SymbolsMin": 0, "ClassProbabilitySTD": 0.15104166666666666, "ClassProbabilityMean": 0.5, "ClassProbabilityMax": 0.6510416666666666, "ClassProbabilityMin": 0.3489583333333333, "InverseDatasetRatio": 96.0, "DatasetRatio": 0.010416666666666666, "RatioNominalToNumerical": 0.0, "RatioNumericalToNominal": 0.0, "NumberOfCategoricalFeatures": 0, "NumberOfNumericFeatures": 8, "NumberOfMissingValues": 0.0, "NumberOfFeaturesWithMissingValues": 0.0, "NumberOfInstancesWithMissingValues": 0.0, "NumberOfFeatures": 8.0, "NumberOfClasses": 2.0, "NumberOfInstances": 768.0, "LogInverseDatasetRatio": 4.564348191467836, "LogDatasetRatio": -4.564348191467836, "PercentageOfMissingValues": 0.0, "PercentageOfFeaturesWithMissingValues": 0.0, "PercentageOfInstancesWithMissingValues": 0.0, "LogNumberOfFeatures": 2.0794415416798357, "LogNumberOfInstances": 6.643789733147672}