{"PCASkewnessFirstPC": 0.005003123756184034, "PCAKurtosisFirstPC": -0.60558998892142, "PCAFractionOfComponentsFor95PercentVariance": 1.0, "Landmark1NN": 0.13336, "LandmarkRandomNodeLearner": 0.0044, "LandmarkDecisionNodeLearner": 0.00444, "LandmarkDecisionTree": 0.37704, "LandmarkNaiveBayes": 0.0092, "LandmarkLDA": 0.0057599999999999995, "ClassEntropy": 9.394211015995305, "SkewnessSTD": 0.004872051796534023, "SkewnessMean": -0.005879441328991473, "SkewnessMax": -0.00100738953245745, "SkewnessMin": -0.010751493125525495, "KurtosisSTD": 0.00015831820903300375, "KurtosisMean": -1.1945001433784501, "KurtosisMax": -1.1943418251694171, "KurtosisMin": -1.1946584615874831, "SymbolsSum": 0.0, "SymbolsSTD": 0, "SymbolsMean": 0, "SymbolsMax": 0, "SymbolsMin": 0, "ClassProbabilitySTD": 0.0006794904482437891, "ClassProbabilityMean": 0.001277139208173691, "ClassProbabilityMax": 0.00324, "ClassProbabilityMin": 4e-05, "InverseDatasetRatio": 12500.0, "DatasetRatio": 8e-05, "RatioNominalToNumerical": 0.0, "RatioNumericalToNominal": 0.0, "NumberOfCategoricalFeatures": 0, "NumberOfNumericFeatures": 2, "NumberOfMissingValues": 0.0, "NumberOfFeaturesWithMissingValues": 0.0, "NumberOfInstancesWithMissingValues": 0.0, "NumberOfFeatures": 2.0, "NumberOfClasses": 783.0, "NumberOfInstances": 25000.0, "LogInverseDatasetRatio": 9.433483923290392, "LogDatasetRatio": -9.433483923290392, "PercentageOfMissingValues": 0.0, "PercentageOfFeaturesWithMissingValues": 0.0, "PercentageOfInstancesWithMissingValues": 0.0, "LogNumberOfFeatures": 0.6931471805599453, "LogNumberOfInstances": 10.126631103850338}