{"PCASkewnessFirstPC": 0.9040387979782656, "PCAKurtosisFirstPC": 1.341027145224567, "PCAFractionOfComponentsFor95PercentVariance": 0.7, "Landmark1NN": 0.9775310559006212, "LandmarkRandomNodeLearner": 0.912608695652174, "LandmarkDecisionNodeLearner": 0.9887577639751554, "LandmarkDecisionTree": 0.9875, "LandmarkNaiveBayes": 0.9750155279503104, "LandmarkLDA": 0.9887577639751554, "ClassEntropy": 0.4277000256329556, "SkewnessSTD": 1.372351590739308, "SkewnessMean": 0.9839933494979846, "SkewnessMax": 4.968612956725295, "SkewnessMin": -2.2849842129062097, "KurtosisSTD": 8.121703018988605, "KurtosisMean": 4.351705323125019, "KurtosisMax": 41.94504878544665, "KurtosisMin": -1.2000037406483792, "SymbolsSum": 0.0, "SymbolsSTD": 0, "SymbolsMean": 0, "SymbolsMax": 0, "SymbolsMin": 0, "ClassProbabilitySTD": 0.4126092384519351, "ClassProbabilityMean": 0.5, "ClassProbabilityMax": 0.9126092384519351, "ClassProbabilityMin": 0.08739076154806492, "InverseDatasetRatio": 20.025, "DatasetRatio": 0.049937578027465665, "RatioNominalToNumerical": 0.0, "RatioNumericalToNominal": 0.0, "NumberOfCategoricalFeatures": 0, "NumberOfNumericFeatures": 40, "NumberOfMissingValues": 0.0, "NumberOfFeaturesWithMissingValues": 0.0, "NumberOfInstancesWithMissingValues": 0.0, "NumberOfFeatures": 40.0, "NumberOfClasses": 2.0, "NumberOfInstances": 801.0, "LogInverseDatasetRatio": 2.996981492954423, "LogDatasetRatio": -2.996981492954423, "PercentageOfMissingValues": 0.0, "PercentageOfFeaturesWithMissingValues": 0.0, "PercentageOfInstancesWithMissingValues": 0.0, "LogNumberOfFeatures": 3.6888794541139363, "LogNumberOfInstances": 6.68586094706836}