{"PCASkewnessFirstPC": 0.12588181756317463, "PCAKurtosisFirstPC": -0.5193073395982721, "PCAFractionOfComponentsFor95PercentVariance": 0.75, "Landmark1NN": 0.95375, "LandmarkRandomNodeLearner": 0.9387500000000001, "LandmarkDecisionNodeLearner": 0.9387500000000001, "LandmarkDecisionTree": 0.9662499999999999, "LandmarkNaiveBayes": 0.93125, "LandmarkLDA": 0.9550000000000001, "ClassEntropy": 0.4065684009699889, "SkewnessSTD": 0.522452107509882, "SkewnessMean": 0.48413212421312574, "SkewnessMax": 1.5652824223266588, "SkewnessMin": -0.2814634825582647, "KurtosisSTD": 2.3430459631147333, "KurtosisMean": 0.4586950120843271, "KurtosisMax": 7.179466278186132, "KurtosisMin": -1.2393325915948135, "SymbolsSum": 0.0, "SymbolsSTD": 0, "SymbolsMean": 0, "SymbolsMax": 0, "SymbolsMin": 0, "ClassProbabilitySTD": 0.41875, "ClassProbabilityMean": 0.5, "ClassProbabilityMax": 0.91875, "ClassProbabilityMin": 0.08125, "InverseDatasetRatio": 66.66666666666667, "DatasetRatio": 0.015, "RatioNominalToNumerical": 0.0, "RatioNumericalToNominal": 0.0, "NumberOfCategoricalFeatures": 0, "NumberOfNumericFeatures": 12, "NumberOfMissingValues": 0.0, "NumberOfFeaturesWithMissingValues": 0.0, "NumberOfInstancesWithMissingValues": 0.0, "NumberOfFeatures": 12.0, "NumberOfClasses": 2.0, "NumberOfInstances": 800.0, "LogInverseDatasetRatio": 4.199705077879927, "LogDatasetRatio": -4.199705077879927, "PercentageOfMissingValues": 0.0, "PercentageOfFeaturesWithMissingValues": 0.0, "PercentageOfInstancesWithMissingValues": 0.0, "LogNumberOfFeatures": 2.4849066497880004, "LogNumberOfInstances": 6.684611727667927}