{"PCASkewnessFirstPC": 2.3565906306306172, "PCAKurtosisFirstPC": 7.276079505896707, "PCAFractionOfComponentsFor95PercentVariance": 0.625, "Landmark1NN": 0.9718403754989143, "LandmarkRandomNodeLearner": 0.9649121270727287, "LandmarkDecisionNodeLearner": 0.9769247987562457, "LandmarkDecisionTree": 0.9688791694568408, "LandmarkNaiveBayes": 0.9450216579956638, "LandmarkLDA": 0.974690021400441, "ClassEntropy": 0.44170349773740286, "SkewnessSTD": 2.0463595837032633, "SkewnessMean": 2.0404198797855653, "SkewnessMax": 5.180859198774807, "SkewnessMin": -1.3750723905207272, "KurtosisSTD": 9.341032661785516, "KurtosisMean": 10.16922409647676, "KurtosisMax": 30.157716883205538, "KurtosisMin": 1.525447821978264, "SymbolsSum": 0.0, "SymbolsSTD": 0, "SymbolsMean": 0, "SymbolsMax": 0, "SymbolsMin": 0, "ClassProbabilitySTD": 0.40842552240473795, "ClassProbabilityMean": 0.5, "ClassProbabilityMax": 0.908425522404738, "ClassProbabilityMin": 0.09157447759526204, "InverseDatasetRatio": 2237.25, "DatasetRatio": 0.00044697731590121804, "RatioNominalToNumerical": 0.0, "RatioNumericalToNominal": 0.0, "NumberOfCategoricalFeatures": 0, "NumberOfNumericFeatures": 8, "NumberOfMissingValues": 0.0, "NumberOfFeaturesWithMissingValues": 0.0, "NumberOfInstancesWithMissingValues": 0.0, "NumberOfFeatures": 8.0, "NumberOfClasses": 2.0, "NumberOfInstances": 17898.0, "LogInverseDatasetRatio": 7.713002712062967, "LogDatasetRatio": -7.713002712062967, "PercentageOfMissingValues": 0.0, "PercentageOfFeaturesWithMissingValues": 0.0, "PercentageOfInstancesWithMissingValues": 0.0, "LogNumberOfFeatures": 2.0794415416798357, "LogNumberOfInstances": 9.792444253742804}