{"PCASkewnessFirstPC": 0.21624069147414354, "PCAKurtosisFirstPC": -0.6592951687582631, "PCAFractionOfComponentsFor95PercentVariance": 1.0, "Landmark1NN": 0.604263565891473, "LandmarkRandomNodeLearner": 0.5934108527131784, "LandmarkDecisionNodeLearner": 0.5930232558139534, "LandmarkDecisionTree": 0.644186046511628, "LandmarkNaiveBayes": 0.15232558139534885, "LandmarkLDA": 0.587984496124031, "ClassEntropy": 1.5667702334806888, "SkewnessSTD": 4.032032732071714, "SkewnessMean": 1.5032173226429295, "SkewnessMax": 10.491549121204516, "SkewnessMin": -0.8311107392958774, "KurtosisSTD": 43.418626078919814, "KurtosisMean": 18.69133731967692, "KurtosisMax": 115.773649469221, "KurtosisMin": -1.2127281054993866, "SymbolsSum": 0.0, "SymbolsSTD": 0, "SymbolsMean": 0, "SymbolsMax": 0, "SymbolsMin": 0, "ClassProbabilitySTD": 0.19172720687387512, "ClassProbabilityMean": 0.125, "ClassProbabilityMax": 0.5934108527131783, "ClassProbabilityMin": 0.0003875968992248062, "InverseDatasetRatio": 430.0, "DatasetRatio": 0.002325581395348837, "RatioNominalToNumerical": 0.0, "RatioNumericalToNominal": 0.0, "NumberOfCategoricalFeatures": 0, "NumberOfNumericFeatures": 6, "NumberOfMissingValues": 0.0, "NumberOfFeaturesWithMissingValues": 0.0, "NumberOfInstancesWithMissingValues": 0.0, "NumberOfFeatures": 6.0, "NumberOfClasses": 8.0, "NumberOfInstances": 2580.0, "LogInverseDatasetRatio": 6.063785208687608, "LogDatasetRatio": -6.063785208687608, "PercentageOfMissingValues": 0.0, "PercentageOfFeaturesWithMissingValues": 0.0, "PercentageOfInstancesWithMissingValues": 0.0, "LogNumberOfFeatures": 1.791759469228055, "LogNumberOfInstances": 7.855544677915663}