{"PCASkewnessFirstPC": 0.4258970964818381, "PCAKurtosisFirstPC": 0.3140653733212795, "PCAFractionOfComponentsFor95PercentVariance": 0.8181818181818182, "Landmark1NN": 0.641651645768025, "LandmarkRandomNodeLearner": 0.5003311128526645, "LandmarkDecisionNodeLearner": 0.5516222570532916, "LandmarkDecisionTree": 0.6172825235109718, "LandmarkNaiveBayes": 0.5491124608150469, "LandmarkLDA": 0.5860364420062696, "ClassEntropy": 1.7090616375059242, "SkewnessSTD": 1.7508418268699364, "SkewnessMean": 1.6815346984881656, "SkewnessMax": 5.6750165275042574, "SkewnessMin": 0.07122077153550342, "KurtosisSTD": 13.30921779495933, "KurtosisMean": 8.279087779260486, "KurtosisMax": 41.58170804367577, "KurtosisMin": -0.7902825153036654, "SymbolsSum": 0.0, "SymbolsSTD": 0, "SymbolsMean": 0, "SymbolsMax": 0, "SymbolsMin": 0, "ClassProbabilitySTD": 0.1782648306503761, "ClassProbabilityMean": 0.16666666666666666, "ClassProbabilityMax": 0.425891181988743, "ClassProbabilityMin": 0.006253908692933083, "InverseDatasetRatio": 145.36363636363637, "DatasetRatio": 0.0068792995622263915, "RatioNominalToNumerical": 0.0, "RatioNumericalToNominal": 0.0, "NumberOfCategoricalFeatures": 0, "NumberOfNumericFeatures": 11, "NumberOfMissingValues": 0.0, "NumberOfFeaturesWithMissingValues": 0.0, "NumberOfInstancesWithMissingValues": 0.0, "NumberOfFeatures": 11.0, "NumberOfClasses": 6.0, "NumberOfInstances": 1599.0, "LogInverseDatasetRatio": 4.979238440035584, "LogDatasetRatio": -4.979238440035584, "PercentageOfMissingValues": 0.0, "PercentageOfFeaturesWithMissingValues": 0.0, "PercentageOfInstancesWithMissingValues": 0.0, "LogNumberOfFeatures": 2.3978952727983707, "LogNumberOfInstances": 7.377133712833954}