{"PCASkewnessFirstPC": 0.6238230795423857, "PCAKurtosisFirstPC": -0.6607100387835274, "PCAFractionOfComponentsFor95PercentVariance": 0.7, "Landmark1NN": 0.024480000000000002, "LandmarkRandomNodeLearner": 0.010840000000000002, "LandmarkDecisionNodeLearner": 0.01396, "LandmarkDecisionTree": 0.05720000000000001, "LandmarkNaiveBayes": 0.05936, "LandmarkLDA": 0.039080000000000004, "ClassEntropy": 14.080639780262873, "SkewnessSTD": 0.4996879935298691, "SkewnessMean": 0.36383324200262834, "SkewnessMax": 1.5669363746803073, "SkewnessMin": -0.30833899427645406, "KurtosisSTD": 0.7749606749807413, "KurtosisMean": -0.7289043807907152, "KurtosisMax": 1.0062744150151763, "KurtosisMin": -1.3551133235196653, "SymbolsSum": 0.0, "SymbolsSTD": 0, "SymbolsMean": 0, "SymbolsMax": 0, "SymbolsMin": 0, "ClassProbabilitySTD": 8.860145808058261e-05, "ClassProbabilityMean": 4.725897920604915e-05, "ClassProbabilityMax": 0.01084, "ClassProbabilityMin": 4e-05, "InverseDatasetRatio": 2083.3333333333335, "DatasetRatio": 0.00048, "RatioNominalToNumerical": 0.0, "RatioNumericalToNominal": 0.0, "NumberOfCategoricalFeatures": 0, "NumberOfNumericFeatures": 12, "NumberOfMissingValues": 0.0, "NumberOfFeaturesWithMissingValues": 0.0, "NumberOfInstancesWithMissingValues": 0.0, "NumberOfFeatures": 12.0, "NumberOfClasses": 21160.0, "NumberOfInstances": 25000.0, "LogInverseDatasetRatio": 7.641724454062338, "LogDatasetRatio": -7.641724454062337, "PercentageOfMissingValues": 0.0, "PercentageOfFeaturesWithMissingValues": 0.0, "PercentageOfInstancesWithMissingValues": 0.0, "LogNumberOfFeatures": 2.4849066497880004, "LogNumberOfInstances": 10.126631103850338}