{"PCASkewnessFirstPC": 0.23421517363282893, "PCAKurtosisFirstPC": 0.26835228440170455, "PCAFractionOfComponentsFor95PercentVariance": 0.14668367346938777, "Landmark1NN": 0.9991199999999999, "LandmarkRandomNodeLearner": 0.08559999999999998, "LandmarkDecisionNodeLearner": 0.07816, "LandmarkDecisionTree": 0.87256, "LandmarkNaiveBayes": 0.45515999999999995, "LandmarkLDA": 0.99, "ClassEntropy": 4.581190963566014, "SkewnessSTD": 0.39578189067590397, "SkewnessMean": -0.555846605451221, "SkewnessMax": 0.17700093154462945, "SkewnessMin": -1.5013237968907767, "KurtosisSTD": 1.180089104138107, "KurtosisMean": 0.4671708166193756, "KurtosisMax": 4.645516816260723, "KurtosisMin": -0.9786310077048892, "SymbolsSum": 0.0, "SymbolsSTD": 0, "SymbolsMean": 0, "SymbolsMax": 0, "SymbolsMin": 0, "ClassProbabilitySTD": 0.0029973024909445193, "ClassProbabilityMean": 0.041666666666666664, "ClassProbabilityMax": 0.04676, "ClassProbabilityMin": 0.03492, "InverseDatasetRatio": 31.887755102040817, "DatasetRatio": 0.03136, "RatioNominalToNumerical": 0.0, "RatioNumericalToNominal": 0.0, "NumberOfCategoricalFeatures": 0, "NumberOfNumericFeatures": 784, "NumberOfMissingValues": 0.0, "NumberOfFeaturesWithMissingValues": 0.0, "NumberOfInstancesWithMissingValues": 0.0, "NumberOfFeatures": 784.0, "NumberOfClasses": 24.0, "NumberOfInstances": 25000.0, "LogInverseDatasetRatio": 3.4622220834999298, "LogDatasetRatio": -3.4622220834999298, "PercentageOfMissingValues": 0.0, "PercentageOfFeaturesWithMissingValues": 0.0, "PercentageOfInstancesWithMissingValues": 0.0, "LogNumberOfFeatures": 6.664409020350408, "LogNumberOfInstances": 10.126631103850338}