{"PCASkewnessFirstPC": 23.915136562794956, "PCAKurtosisFirstPC": 654.8167374650385, "PCAFractionOfComponentsFor95PercentVariance": 1.0, "Landmark1NN": 0.9082892819476538, "LandmarkRandomNodeLearner": 0.8659369943080726, "LandmarkDecisionNodeLearner": 0.8659369943080726, "LandmarkDecisionTree": 0.9064955599745594, "LandmarkNaiveBayes": 0.14016455869447958, "LandmarkLDA": 0.8659369943080726, "ClassEntropy": 0.5684770745870579, "SkewnessSTD": 13.88173479591393, "SkewnessMean": 19.39478232221358, "SkewnessMax": 36.471518688213514, "SkewnessMin": -0.010661112035958235, "KurtosisSTD": 547.8323808824128, "KurtosisMean": 600.2804156018676, "KurtosisMax": 1391.614656471653, "KurtosisMin": -1.1942649152760214, "SymbolsSum": 0.0, "SymbolsSTD": 0, "SymbolsMean": 0, "SymbolsMax": 0, "SymbolsMin": 0, "ClassProbabilitySTD": 0.3659368269921034, "ClassProbabilityMean": 0.5, "ClassProbabilityMax": 0.8659368269921034, "ClassProbabilityMin": 0.13406317300789664, "InverseDatasetRatio": 1393.0, "DatasetRatio": 0.0007178750897343862, "RatioNominalToNumerical": 0.0, "RatioNumericalToNominal": 0.0, "NumberOfCategoricalFeatures": 0, "NumberOfNumericFeatures": 4, "NumberOfMissingValues": 0.0, "NumberOfFeaturesWithMissingValues": 0.0, "NumberOfInstancesWithMissingValues": 0.0, "NumberOfFeatures": 4.0, "NumberOfClasses": 2.0, "NumberOfInstances": 5572.0, "LogInverseDatasetRatio": 7.239214973779806, "LogDatasetRatio": -7.239214973779806, "PercentageOfMissingValues": 0.0, "PercentageOfFeaturesWithMissingValues": 0.0, "PercentageOfInstancesWithMissingValues": 0.0, "LogNumberOfFeatures": 1.3862943611198906, "LogNumberOfInstances": 8.625509334899697}