{"PCASkewnessFirstPC": 0.3537908732262855, "PCAKurtosisFirstPC": -0.9123008565358042, "PCAFractionOfComponentsFor95PercentVariance": 0.5360824742268041, "Landmark1NN": 0.8496060271435185, "LandmarkRandomNodeLearner": 0.8352828696612404, "LandmarkDecisionNodeLearner": 0.8352828696612404, "LandmarkDecisionTree": 1.0, "LandmarkNaiveBayes": 0.9992838670608769, "LandmarkLDA": 0.9998806682577566, "ClassEntropy": 0.6454759038773972, "SkewnessSTD": 1.372759019010162, "SkewnessMean": 0.46399500633417695, "SkewnessMax": 8.362344694481648, "SkewnessMin": -2.6112791213041184, "KurtosisSTD": 10.519084107649014, "KurtosisMean": 2.3544184527006267, "KurtosisMax": 118.53390053899473, "KurtosisMin": -1.999994301246158, "SymbolsSum": 0.0, "SymbolsSTD": 0, "SymbolsMean": 0, "SymbolsMax": 0, "SymbolsMin": 0, "ClassProbabilitySTD": 0.33528288374313675, "ClassProbabilityMean": 0.5, "ClassProbabilityMax": 0.8352828837431368, "ClassProbabilityMin": 0.16471711625686322, "InverseDatasetRatio": 43.18556701030928, "DatasetRatio": 0.023155884459298164, "RatioNominalToNumerical": 0.0, "RatioNumericalToNominal": 0.0, "NumberOfCategoricalFeatures": 0, "NumberOfNumericFeatures": 194, "NumberOfMissingValues": 0.0, "NumberOfFeaturesWithMissingValues": 0.0, "NumberOfInstancesWithMissingValues": 0.0, "NumberOfFeatures": 194.0, "NumberOfClasses": 2.0, "NumberOfInstances": 8378.0, "LogInverseDatasetRatio": 3.765506342443652, "LogDatasetRatio": -3.765506342443652, "PercentageOfMissingValues": 0.0, "PercentageOfFeaturesWithMissingValues": 0.0, "PercentageOfInstancesWithMissingValues": 0.0, "LogNumberOfFeatures": 5.267858159063328, "LogNumberOfInstances": 9.03336450150698}