{"PCASkewnessFirstPC": 0.7649336944503154, "PCAKurtosisFirstPC": -1.0482996820380557, "PCAFractionOfComponentsFor95PercentVariance": 0.78125, "Landmark1NN": 0.42752, "LandmarkRandomNodeLearner": 0.5258800000000001, "LandmarkDecisionNodeLearner": 0.5258800000000001, "LandmarkDecisionTree": 0.7670800000000001, "LandmarkNaiveBayes": 0.4058, "LandmarkLDA": 0.48864, "ClassEntropy": 5.921689449412863, "SkewnessSTD": 0.7520824339236929, "SkewnessMean": 0.390285423131596, "SkewnessMax": 5.016112920849933, "SkewnessMin": -1.5639555926270956, "KurtosisSTD": 2.816806433318918, "KurtosisMean": -0.6282221340432323, "KurtosisMax": 26.983178652262684, "KurtosisMin": -1.9329483082610444, "SymbolsSum": 0.0, "SymbolsSTD": 0, "SymbolsMean": 0, "SymbolsMax": 0, "SymbolsMin": 0, "ClassProbabilitySTD": 0.009006623974344855, "ClassProbabilityMean": 0.00029316915860451485, "ClassProbabilityMax": 0.52588, "ClassProbabilityMin": 4e-05, "InverseDatasetRatio": 195.3125, "DatasetRatio": 0.00512, "RatioNominalToNumerical": 0.0, "RatioNumericalToNominal": 0.0, "NumberOfCategoricalFeatures": 0, "NumberOfNumericFeatures": 128, "NumberOfMissingValues": 0.0, "NumberOfFeaturesWithMissingValues": 0.0, "NumberOfInstancesWithMissingValues": 0.0, "NumberOfFeatures": 128.0, "NumberOfClasses": 3411.0, "NumberOfInstances": 25000.0, "LogInverseDatasetRatio": 5.274600839930721, "LogDatasetRatio": -5.274600839930721, "PercentageOfMissingValues": 0.0, "PercentageOfFeaturesWithMissingValues": 0.0, "PercentageOfInstancesWithMissingValues": 0.0, "LogNumberOfFeatures": 4.852030263919617, "LogNumberOfInstances": 10.126631103850338}