{"PCASkewnessFirstPC": 1.1086798187304157, "PCAKurtosisFirstPC": -0.5988123768756215, "PCAFractionOfComponentsFor95PercentVariance": 0.8846153846153846, "Landmark1NN": 0.4710884396795059, "LandmarkRandomNodeLearner": 0.5354454894117946, "LandmarkDecisionNodeLearner": 0.5299178512208397, "LandmarkDecisionTree": 0.5017644899560777, "LandmarkNaiveBayes": 0.518843588218169, "LandmarkLDA": 0.5113084313253926, "ClassEntropy": 0.9963719143460638, "SkewnessSTD": 3.1986485234759425e-05, "SkewnessMean": -5.088051670849459e-06, "SkewnessMax": 1.568247972319871e-05, "SkewnessMin": -0.00016365430288846637, "KurtosisSTD": 0.0001704378854055194, "KurtosisMean": -1.1999682681928185, "KurtosisMax": -1.1991165641694201, "KurtosisMin": -1.2000222278893715, "SymbolsSum": 0.0, "SymbolsSTD": 0, "SymbolsMean": 0, "SymbolsMax": 0, "SymbolsMin": 0, "ClassProbabilitySTD": 0.03544494720965308, "ClassProbabilityMean": 0.5, "ClassProbabilityMax": 0.5354449472096531, "ClassProbabilityMin": 0.4645550527903469, "InverseDatasetRatio": 76.5, "DatasetRatio": 0.013071895424836602, "RatioNominalToNumerical": 0.0, "RatioNumericalToNominal": 0.0, "NumberOfCategoricalFeatures": 0, "NumberOfNumericFeatures": 26, "NumberOfMissingValues": 0.0, "NumberOfFeaturesWithMissingValues": 0.0, "NumberOfInstancesWithMissingValues": 0.0, "NumberOfFeatures": 26.0, "NumberOfClasses": 2.0, "NumberOfInstances": 1989.0, "LogInverseDatasetRatio": 4.33729074083249, "LogDatasetRatio": -4.33729074083249, "PercentageOfMissingValues": 0.0, "PercentageOfFeaturesWithMissingValues": 0.0, "PercentageOfInstancesWithMissingValues": 0.0, "LogNumberOfFeatures": 3.258096538021482, "LogNumberOfInstances": 7.5953872788539725}