{"PCASkewnessFirstPC": 0.44459354775225823, "PCAKurtosisFirstPC": -0.3249054336107404, "PCAFractionOfComponentsFor95PercentVariance": 0.875, "Landmark1NN": 0.16331544424567684, "LandmarkRandomNodeLearner": 0.14948121645796064, "LandmarkDecisionNodeLearner": 0.27735241502683367, "LandmarkDecisionTree": 0.38986285032796664, "LandmarkNaiveBayes": 0.11860465116279069, "LandmarkLDA": 0.38983899821109125, "ClassEntropy": 3.4907495450106065, "SkewnessSTD": 1.3682069142066005, "SkewnessMean": 0.241657147299929, "SkewnessMax": 3.7020210787156715, "SkewnessMin": -2.5543614894314888, "KurtosisSTD": 3.2667044439652506, "KurtosisMean": 0.9489159295627192, "KurtosisMax": 11.704960067255143, "KurtosisMin": -1.9965687672274497, "SymbolsSum": 0.0, "SymbolsSTD": 0, "SymbolsMean": 0, "SymbolsMax": 0, "SymbolsMin": 0, "ClassProbabilitySTD": 0.05134690207580345, "ClassProbabilityMean": 0.0588235294117647, "ClassProbabilityMax": 0.16024653312788906, "ClassProbabilityMin": 0.0015408320493066256, "InverseDatasetRatio": 20.28125, "DatasetRatio": 0.04930662557781202, "RatioNominalToNumerical": 0.0, "RatioNumericalToNominal": 0.0, "NumberOfCategoricalFeatures": 0, "NumberOfNumericFeatures": 32, "NumberOfMissingValues": 0.0, "NumberOfFeaturesWithMissingValues": 0.0, "NumberOfInstancesWithMissingValues": 0.0, "NumberOfFeatures": 32.0, "NumberOfClasses": 17.0, "NumberOfInstances": 649.0, "LogInverseDatasetRatio": 3.0096968139043634, "LogDatasetRatio": -3.0096968139043634, "PercentageOfMissingValues": 0.0, "PercentageOfFeaturesWithMissingValues": 0.0, "PercentageOfInstancesWithMissingValues": 0.0, "LogNumberOfFeatures": 3.4657359027997265, "LogNumberOfInstances": 6.47543271670409}