{"PCASkewnessFirstPC": 0.26111819244606904, "PCAKurtosisFirstPC": 0.04509723487970385, "PCAFractionOfComponentsFor95PercentVariance": 0.8571428571428571, "Landmark1NN": 0.08600000000000001, "LandmarkRandomNodeLearner": 0.052000000000000005, "LandmarkDecisionNodeLearner": 0.067, "LandmarkDecisionTree": 0.9810000000000001, "LandmarkNaiveBayes": 0.9380000000000001, "LandmarkLDA": 0.99, "ClassEntropy": 5.876688716410178, "SkewnessSTD": 0.24112184251480784, "SkewnessMean": -0.26260220069476997, "SkewnessMax": 0.07204670139866533, "SkewnessMin": -0.6060437322090954, "KurtosisSTD": 0.8039276532177119, "KurtosisMean": -1.0393337345063487, "KurtosisMax": 0.26759715461497624, "KurtosisMin": -1.9948092728175721, "SymbolsSum": 0.0, "SymbolsSTD": 0, "SymbolsMean": 0, "SymbolsMax": 0, "SymbolsMin": 0, "ClassProbabilitySTD": 0.009618860708476118, "ClassProbabilityMean": 0.012345679012345678, "ClassProbabilityMax": 0.036, "ClassProbabilityMin": 0.001, "InverseDatasetRatio": 142.85714285714286, "DatasetRatio": 0.007, "RatioNominalToNumerical": 0.0, "RatioNumericalToNominal": 0.0, "NumberOfCategoricalFeatures": 0, "NumberOfNumericFeatures": 7, "NumberOfMissingValues": 0.0, "NumberOfFeaturesWithMissingValues": 0.0, "NumberOfInstancesWithMissingValues": 0.0, "NumberOfFeatures": 7.0, "NumberOfClasses": 81.0, "NumberOfInstances": 1000.0, "LogInverseDatasetRatio": 4.961845129926823, "LogDatasetRatio": -4.961845129926823, "PercentageOfMissingValues": 0.0, "PercentageOfFeaturesWithMissingValues": 0.0, "PercentageOfInstancesWithMissingValues": 0.0, "LogNumberOfFeatures": 1.9459101490553132, "LogNumberOfInstances": 6.907755278982137}