{"PCASkewnessFirstPC": 0.10662301037566009, "PCAKurtosisFirstPC": -0.8607024815650237, "PCAFractionOfComponentsFor95PercentVariance": 0.8181818181818182, "Landmark1NN": 0.16636, "LandmarkRandomNodeLearner": 0.15412, "LandmarkDecisionNodeLearner": 0.20924, "LandmarkDecisionTree": 0.44980000000000003, "LandmarkNaiveBayes": 0.08468, "LandmarkLDA": 0.15499999999999997, "ClassEntropy": 7.543045980611911, "SkewnessSTD": 1.4845994754041316, "SkewnessMean": 0.9176156427373325, "SkewnessMax": 4.452961984604303, "SkewnessMin": -0.16035682885441538, "KurtosisSTD": 8.717513888756413, "KurtosisMean": 3.1285406532707785, "KurtosisMax": 27.439316270276656, "KurtosisMin": -1.9999979263989247, "SymbolsSum": 0.0, "SymbolsSTD": 0, "SymbolsMean": 0, "SymbolsMax": 0, "SymbolsMin": 0, "ClassProbabilitySTD": 0.0040802675809175695, "ClassProbabilityMean": 0.0005128205128205128, "ClassProbabilityMax": 0.15412, "ClassProbabilityMin": 4e-05, "InverseDatasetRatio": 2272.7272727272725, "DatasetRatio": 0.00044, "RatioNominalToNumerical": 0.0, "RatioNumericalToNominal": 0.0, "NumberOfCategoricalFeatures": 0, "NumberOfNumericFeatures": 11, "NumberOfMissingValues": 0.0, "NumberOfFeaturesWithMissingValues": 0.0, "NumberOfInstancesWithMissingValues": 0.0, "NumberOfFeatures": 11.0, "NumberOfClasses": 1950.0, "NumberOfInstances": 25000.0, "LogInverseDatasetRatio": 7.728735831051967, "LogDatasetRatio": -7.728735831051967, "PercentageOfMissingValues": 0.0, "PercentageOfFeaturesWithMissingValues": 0.0, "PercentageOfInstancesWithMissingValues": 0.0, "LogNumberOfFeatures": 2.3978952727983707, "LogNumberOfInstances": 10.126631103850338}