{"PCASkewnessFirstPC": 0.3706944121108524, "PCAKurtosisFirstPC": -0.5727050492629595, "PCAFractionOfComponentsFor95PercentVariance": 0.85, "Landmark1NN": 0.712478627653397, "LandmarkRandomNodeLearner": 0.7346301575908123, "LandmarkDecisionNodeLearner": 0.7346301575908123, "LandmarkDecisionTree": 0.7252600974256403, "LandmarkNaiveBayes": 0.7559267936641072, "LandmarkLDA": 0.8013604708368283, "ClassEntropy": 0.8347419473972114, "SkewnessSTD": 0.7923109976226397, "SkewnessMean": 0.08534624779456332, "SkewnessMax": 1.8332421986079814, "SkewnessMin": -2.7265720820667427, "KurtosisSTD": 1.635199931474923, "KurtosisMean": -1.036275802941168, "KurtosisMax": 5.434195318705772, "KurtosisMin": -1.9996379791997316, "SymbolsSum": 0.0, "SymbolsSTD": 0, "SymbolsMean": 0, "SymbolsMax": 0, "SymbolsMin": 0, "ClassProbabilitySTD": 0.2346301292063041, "ClassProbabilityMean": 0.5, "ClassProbabilityMax": 0.7346301292063041, "ClassProbabilityMin": 0.2653698707936959, "InverseDatasetRatio": 352.15, "DatasetRatio": 0.0028396989919068577, "RatioNominalToNumerical": 0.0, "RatioNumericalToNominal": 0.0, "NumberOfCategoricalFeatures": 0, "NumberOfNumericFeatures": 20, "NumberOfMissingValues": 0.0, "NumberOfFeaturesWithMissingValues": 0.0, "NumberOfInstancesWithMissingValues": 0.0, "NumberOfFeatures": 20.0, "NumberOfClasses": 2.0, "NumberOfInstances": 7043.0, "LogInverseDatasetRatio": 5.86405722119142, "LogDatasetRatio": -5.86405722119142, "PercentageOfMissingValues": 0.0, "PercentageOfFeaturesWithMissingValues": 0.0, "PercentageOfInstancesWithMissingValues": 0.0, "LogNumberOfFeatures": 2.995732273553991, "LogNumberOfInstances": 8.85978949474541}