{"PCASkewnessFirstPC": 1.7502256213023648, "PCAKurtosisFirstPC": 8.566142259893468, "PCAFractionOfComponentsFor95PercentVariance": 0.8421052631578947, "Landmark1NN": 0.16219367845993757, "LandmarkRandomNodeLearner": 0.29710587929240373, "LandmarkDecisionNodeLearner": 0.29710587929240373, "LandmarkDecisionTree": 0.20071063128685399, "LandmarkNaiveBayes": 0.07661875650364204, "LandmarkLDA": 0.2500513787721124, "ClassEntropy": 9.07487906493935, "SkewnessSTD": 3.0515413201807804, "SkewnessMean": 1.4893443593755336, "SkewnessMax": 9.718379577918823, "SkewnessMin": -1.959097927236402, "KurtosisSTD": 136.84681985360206, "KurtosisMean": 46.66869020172646, "KurtosisMax": 597.250592169996, "KurtosisMin": -1.3110123446110464, "SymbolsSum": 0.0, "SymbolsSTD": 0, "SymbolsMean": 0, "SymbolsMax": 0, "SymbolsMin": 0, "ClassProbabilitySTD": 0.005170067480191854, "ClassProbabilityMean": 0.0003033060357901122, "ClassProbabilityMax": 0.29710597543202166, "ClassProbabilityMin": 0.00020820320632937748, "InverseDatasetRatio": 252.78947368421052, "DatasetRatio": 0.003955860920258172, "RatioNominalToNumerical": 0.0, "RatioNumericalToNominal": 0.0, "NumberOfCategoricalFeatures": 0, "NumberOfNumericFeatures": 19, "NumberOfMissingValues": 0.0, "NumberOfFeaturesWithMissingValues": 0.0, "NumberOfInstancesWithMissingValues": 0.0, "NumberOfFeatures": 19.0, "NumberOfClasses": 3297.0, "NumberOfInstances": 4803.0, "LogInverseDatasetRatio": 5.532557022498384, "LogDatasetRatio": -5.532557022498384, "PercentageOfMissingValues": 0.0, "PercentageOfFeaturesWithMissingValues": 0.0, "PercentageOfInstancesWithMissingValues": 0.0, "LogNumberOfFeatures": 2.9444389791664403, "LogNumberOfInstances": 8.476996001664824}