{"PCASkewnessFirstPC": 0.4171084612504403, "PCAKurtosisFirstPC": -0.1540655248367795, "PCAFractionOfComponentsFor95PercentVariance": 0.8461538461538461, "Landmark1NN": 0.1, "LandmarkRandomNodeLearner": 0.13999999999999999, "LandmarkDecisionNodeLearner": 0.06000000000000001, "LandmarkDecisionTree": 0.15999999999999998, "LandmarkNaiveBayes": 0.12000000000000002, "LandmarkLDA": 0.08, "ClassEntropy": 3.7255332505568517, "SkewnessSTD": 0.8985043682340008, "SkewnessMean": 0.26674849902038245, "SkewnessMax": 2.1372598330354515, "SkewnessMin": -1.338144645036819, "KurtosisSTD": 1.5778098645041372, "KurtosisMean": 0.19890176626114522, "KurtosisMax": 4.268780343325107, "KurtosisMin": -1.3071029851459293, "SymbolsSum": 0.0, "SymbolsSTD": 0, "SymbolsMean": 0, "SymbolsMax": 0, "SymbolsMin": 0, "ClassProbabilitySTD": 0.04740162001711454, "ClassProbabilityMean": 0.05555555555555555, "ClassProbabilityMax": 0.16, "ClassProbabilityMin": 0.02, "InverseDatasetRatio": 3.8461538461538463, "DatasetRatio": 0.26, "RatioNominalToNumerical": 0.0, "RatioNumericalToNominal": 0.0, "NumberOfCategoricalFeatures": 0, "NumberOfNumericFeatures": 13, "NumberOfMissingValues": 0.0, "NumberOfFeaturesWithMissingValues": 0.0, "NumberOfInstancesWithMissingValues": 0.0, "NumberOfFeatures": 13.0, "NumberOfClasses": 18.0, "NumberOfInstances": 50.0, "LogInverseDatasetRatio": 1.3470736479666094, "LogDatasetRatio": -1.3470736479666092, "PercentageOfMissingValues": 0.0, "PercentageOfFeaturesWithMissingValues": 0.0, "PercentageOfInstancesWithMissingValues": 0.0, "LogNumberOfFeatures": 2.5649493574615367, "LogNumberOfInstances": 3.912023005428146}