{"PCASkewnessFirstPC": 0.14654248914588022, "PCAKurtosisFirstPC": -0.9153527455866559, "PCAFractionOfComponentsFor95PercentVariance": 0.7857142857142857, "Landmark1NN": 0.826639344262295, "LandmarkRandomNodeLearner": 0.6269808743169399, "LandmarkDecisionNodeLearner": 0.8385928961748634, "LandmarkDecisionTree": 0.8400956284153006, "LandmarkNaiveBayes": 0.8391393442622951, "LandmarkLDA": 0.826639344262295, "ClassEntropy": 1.3211991684596753, "SkewnessSTD": 12.229468813894547, "SkewnessMean": 6.746276260351352, "SkewnessMax": 33.90939727315863, "SkewnessMin": -1.239216396763285, "KurtosisSTD": 473.3766605413524, "KurtosisMean": 237.6873775691644, "KurtosisMax": 1529.1729928210714, "KurtosisMin": -1.5591760794945053, "SymbolsSum": 0.0, "SymbolsSTD": 0, "SymbolsMean": 0, "SymbolsMax": 0, "SymbolsMin": 0, "ClassProbabilitySTD": 0.2086039703509889, "ClassProbabilityMean": 0.3333333333333333, "ClassProbabilityMax": 0.6269125683060109, "ClassProbabilityMin": 0.16140710382513662, "InverseDatasetRatio": 1045.7142857142858, "DatasetRatio": 0.0009562841530054645, "RatioNominalToNumerical": 0.0, "RatioNumericalToNominal": 0.0, "NumberOfCategoricalFeatures": 0, "NumberOfNumericFeatures": 14, "NumberOfMissingValues": 0.0, "NumberOfFeaturesWithMissingValues": 0.0, "NumberOfInstancesWithMissingValues": 0.0, "NumberOfFeatures": 14.0, "NumberOfClasses": 3.0, "NumberOfInstances": 14640.0, "LogInverseDatasetRatio": 6.952455457900044, "LogDatasetRatio": -6.952455457900044, "PercentageOfMissingValues": 0.0, "PercentageOfFeaturesWithMissingValues": 0.0, "PercentageOfInstancesWithMissingValues": 0.0, "LogNumberOfFeatures": 2.6390573296152584, "LogNumberOfInstances": 9.591512787515303}