{"PCASkewnessFirstPC": 0.37298432227934075, "PCAKurtosisFirstPC": -0.9634338262002671, "PCAFractionOfComponentsFor95PercentVariance": 0.75, "Landmark1NN": 0.9998400000000001, "LandmarkRandomNodeLearner": 0.60148, "LandmarkDecisionNodeLearner": 1.0, "LandmarkDecisionTree": 1.0, "LandmarkNaiveBayes": 1.0, "LandmarkLDA": 1.0, "ClassEntropy": 0.9742204162618214, "SkewnessSTD": 9.326340695651185, "SkewnessMean": 5.252668949670381, "SkewnessMax": 21.390614996296353, "SkewnessMin": -0.7608522749132217, "KurtosisSTD": 271.96682278990926, "KurtosisMean": 155.85278172395834, "KurtosisMax": 626.9123556728799, "KurtosisMin": -1.8526672034708809, "SymbolsSum": 0.0, "SymbolsSTD": 0, "SymbolsMean": 0, "SymbolsMax": 0, "SymbolsMin": 0, "ClassProbabilitySTD": 0.09423999999999999, "ClassProbabilityMean": 0.5, "ClassProbabilityMax": 0.59424, "ClassProbabilityMin": 0.40576, "InverseDatasetRatio": 6250.0, "DatasetRatio": 0.00016, "RatioNominalToNumerical": 0.0, "RatioNumericalToNominal": 0.0, "NumberOfCategoricalFeatures": 0, "NumberOfNumericFeatures": 4, "NumberOfMissingValues": 0.0, "NumberOfFeaturesWithMissingValues": 0.0, "NumberOfInstancesWithMissingValues": 0.0, "NumberOfFeatures": 4.0, "NumberOfClasses": 2.0, "NumberOfInstances": 25000.0, "LogInverseDatasetRatio": 8.740336742730447, "LogDatasetRatio": -8.740336742730447, "PercentageOfMissingValues": 0.0, "PercentageOfFeaturesWithMissingValues": 0.0, "PercentageOfInstancesWithMissingValues": 0.0, "LogNumberOfFeatures": 1.3862943611198906, "LogNumberOfInstances": 10.126631103850338}