{"PCASkewnessFirstPC": 3.329432159836277, "PCAKurtosisFirstPC": 13.992117299865402, "PCAFractionOfComponentsFor95PercentVariance": 0.25, "Landmark1NN": 0.7113702623906706, "LandmarkRandomNodeLearner": 0.6682215743440232, "LandmarkDecisionNodeLearner": 0.6938775510204082, "LandmarkDecisionTree": 0.9842565597667638, "LandmarkNaiveBayes": 0.98600583090379, "LandmarkLDA": 0.9959183673469388, "ClassEntropy": 2.55712438811392, "SkewnessSTD": 1.4410908967491625, "SkewnessMean": 2.66186360419133, "SkewnessMax": 4.713102432405992, "SkewnessMin": -0.015619537248511093, "KurtosisSTD": 8.753699165434423, "KurtosisMean": 11.321875431913092, "KurtosisMax": 29.32698115816578, "KurtosisMin": -1.73746521391639, "SymbolsSum": 0.0, "SymbolsSTD": 0, "SymbolsMean": 0, "SymbolsMax": 0, "SymbolsMin": 0, "ClassProbabilitySTD": 0.09228408470936209, "ClassProbabilityMean": 0.019607843137254898, "ClassProbabilityMax": 0.6705539358600583, "ClassProbabilityMin": 0.0005830903790087463, "InverseDatasetRatio": 71.45833333333333, "DatasetRatio": 0.013994169096209912, "RatioNominalToNumerical": 0.0, "RatioNumericalToNominal": 0.0, "NumberOfCategoricalFeatures": 0, "NumberOfNumericFeatures": 24, "NumberOfMissingValues": 0.0, "NumberOfFeaturesWithMissingValues": 0.0, "NumberOfInstancesWithMissingValues": 0.0, "NumberOfFeatures": 24.0, "NumberOfClasses": 51.0, "NumberOfInstances": 1715.0, "LogInverseDatasetRatio": 4.269114529252095, "LogDatasetRatio": -4.269114529252095, "PercentageOfMissingValues": 0.0, "PercentageOfFeaturesWithMissingValues": 0.0, "PercentageOfInstancesWithMissingValues": 0.0, "LogNumberOfFeatures": 3.1780538303479458, "LogNumberOfInstances": 7.44716835960004}