{"PCASkewnessFirstPC": 0.19121699491941488, "PCAKurtosisFirstPC": -1.0169357894367235, "PCAFractionOfComponentsFor95PercentVariance": 0.8125, "Landmark1NN": 0.015159999999999998, "LandmarkRandomNodeLearner": 0.02768, "LandmarkDecisionNodeLearner": 0.02768, "LandmarkDecisionTree": 0.02224, "LandmarkNaiveBayes": 0.00092, "LandmarkLDA": 0.019559999999999998, "ClassEntropy": 8.726157235391696, "SkewnessSTD": 21.190009131877407, "SkewnessMean": 7.6007374233237215, "SkewnessMax": 68.14975985732819, "SkewnessMin": -1.6288212700272666, "KurtosisSTD": 1606.0948100006292, "KurtosisMean": 590.9022495721435, "KurtosisMax": 5755.615817513211, "KurtosisMin": -1.9939940420371933, "SymbolsSum": 0.0, "SymbolsSTD": 0, "SymbolsMean": 0, "SymbolsMax": 0, "SymbolsMin": 0, "ClassProbabilitySTD": 0.0015583653400346763, "ClassProbabilityMean": 0.0005624296962879641, "ClassProbabilityMax": 0.02768, "ClassProbabilityMin": 4e-05, "InverseDatasetRatio": 1315.7894736842106, "DatasetRatio": 0.00076, "RatioNominalToNumerical": 0.0, "RatioNumericalToNominal": 0.0, "NumberOfCategoricalFeatures": 0, "NumberOfNumericFeatures": 19, "NumberOfMissingValues": 0.0, "NumberOfFeaturesWithMissingValues": 0.0, "NumberOfInstancesWithMissingValues": 0.0, "NumberOfFeatures": 19.0, "NumberOfClasses": 1778.0, "NumberOfInstances": 25000.0, "LogInverseDatasetRatio": 7.182192124683898, "LogDatasetRatio": -7.182192124683898, "PercentageOfMissingValues": 0.0, "PercentageOfFeaturesWithMissingValues": 0.0, "PercentageOfInstancesWithMissingValues": 0.0, "LogNumberOfFeatures": 2.9444389791664403, "LogNumberOfInstances": 10.126631103850338}