{"PCASkewnessFirstPC": 1.2161186988584023, "PCAKurtosisFirstPC": 3.0269783371170655, "PCAFractionOfComponentsFor95PercentVariance": 0.625, "Landmark1NN": 0.12228000000000001, "LandmarkRandomNodeLearner": 0.04516, "LandmarkDecisionNodeLearner": 0.08764000000000001, "LandmarkDecisionTree": 0.99864, "LandmarkNaiveBayes": 0.9983600000000001, "LandmarkLDA": 0.9997199999999999, "ClassEntropy": 5.791613154496048, "SkewnessSTD": 2.002578386789942, "SkewnessMean": 1.6314859613119985, "SkewnessMax": 7.1949627888196765, "SkewnessMin": -0.208631086891089, "KurtosisSTD": 27.38204238792131, "KurtosisMean": 12.81728736220589, "KurtosisMax": 120.60558516448245, "KurtosisMin": -1.5364385953598896, "SymbolsSum": 0.0, "SymbolsSTD": 0, "SymbolsMean": 0, "SymbolsMax": 0, "SymbolsMin": 0, "ClassProbabilitySTD": 0.010363049653313255, "ClassProbabilityMean": 0.009009009009009009, "ClassProbabilityMax": 0.04516, "ClassProbabilityMin": 4e-05, "InverseDatasetRatio": 892.8571428571429, "DatasetRatio": 0.00112, "RatioNominalToNumerical": 0.0, "RatioNumericalToNominal": 0.0, "NumberOfCategoricalFeatures": 0, "NumberOfNumericFeatures": 28, "NumberOfMissingValues": 0.0, "NumberOfFeaturesWithMissingValues": 0.0, "NumberOfInstancesWithMissingValues": 0.0, "NumberOfFeatures": 28.0, "NumberOfClasses": 111.0, "NumberOfInstances": 25000.0, "LogInverseDatasetRatio": 6.794426593675134, "LogDatasetRatio": -6.794426593675134, "PercentageOfMissingValues": 0.0, "PercentageOfFeaturesWithMissingValues": 0.0, "PercentageOfInstancesWithMissingValues": 0.0, "LogNumberOfFeatures": 3.332204510175204, "LogNumberOfInstances": 10.126631103850338}