{"PCASkewnessFirstPC": 0.291228491076218, "PCAKurtosisFirstPC": -0.3799301111984241, "PCAFractionOfComponentsFor95PercentVariance": 0.5, "Landmark1NN": 0.97190585116191, "LandmarkRandomNodeLearner": 0.7522124378927644, "LandmarkDecisionNodeLearner": 0.9488694863476212, "LandmarkDecisionTree": 0.9611703320525662, "LandmarkNaiveBayes": 0.8929956493788029, "LandmarkLDA": 0.9681198638499758, "ClassEntropy": 1.0, "SkewnessSTD": 1.9016574940160142, "SkewnessMean": 0.6067427864635637, "SkewnessMax": 5.869805488096882, "SkewnessMin": -2.2374747192288393, "KurtosisSTD": 9.267010744233149, "KurtosisMean": 4.5330595190760805, "KurtosisMax": 35.87354994262771, "KurtosisMin": -0.8604963304339219, "SymbolsSum": 0.0, "SymbolsSTD": 0, "SymbolsMean": 0, "SymbolsMax": 0, "SymbolsMin": 0, "ClassProbabilitySTD": 0.0, "ClassProbabilityMean": 0.5, "ClassProbabilityMax": 0.5, "ClassProbabilityMin": 0.5, "InverseDatasetRatio": 158.4, "DatasetRatio": 0.006313131313131313, "RatioNominalToNumerical": 0.0, "RatioNumericalToNominal": 0.0, "NumberOfCategoricalFeatures": 0, "NumberOfNumericFeatures": 20, "NumberOfMissingValues": 0.0, "NumberOfFeaturesWithMissingValues": 0.0, "NumberOfInstancesWithMissingValues": 0.0, "NumberOfFeatures": 20.0, "NumberOfClasses": 2.0, "NumberOfInstances": 3168.0, "LogInverseDatasetRatio": 5.0651234793803255, "LogDatasetRatio": -5.0651234793803255, "PercentageOfMissingValues": 0.0, "PercentageOfFeaturesWithMissingValues": 0.0, "PercentageOfInstancesWithMissingValues": 0.0, "LogNumberOfFeatures": 2.995732273553991, "LogNumberOfInstances": 8.060855752934316}