{"PCASkewnessFirstPC": 0.244524787427632, "PCAKurtosisFirstPC": 0.002162850043136988, "PCAFractionOfComponentsFor95PercentVariance": 0.7391304347826086, "Landmark1NN": 0.82636, "LandmarkRandomNodeLearner": 0.7745599999999999, "LandmarkDecisionNodeLearner": 1.0, "LandmarkDecisionTree": 1.0, "LandmarkNaiveBayes": 0.95508, "LandmarkLDA": 0.8724000000000001, "ClassEntropy": 0.7699771078823028, "SkewnessSTD": 3.052317601131849, "SkewnessMean": 0.9246578912663048, "SkewnessMax": 11.247913136055923, "SkewnessMin": -2.6904016898694376, "KurtosisSTD": 55.686986806163745, "KurtosisMean": 18.00696911434165, "KurtosisMax": 246.66144897001448, "KurtosisMin": -1.3979841476682575, "SymbolsSum": 0.0, "SymbolsSTD": 0, "SymbolsMean": 0, "SymbolsMax": 0, "SymbolsMin": 0, "ClassProbabilitySTD": 0.27456, "ClassProbabilityMean": 0.5, "ClassProbabilityMax": 0.77456, "ClassProbabilityMin": 0.22544, "InverseDatasetRatio": 1086.9565217391305, "DatasetRatio": 0.00092, "RatioNominalToNumerical": 0.0, "RatioNumericalToNominal": 0.0, "NumberOfCategoricalFeatures": 0, "NumberOfNumericFeatures": 23, "NumberOfMissingValues": 0.0, "NumberOfFeaturesWithMissingValues": 0.0, "NumberOfInstancesWithMissingValues": 0.0, "NumberOfFeatures": 23.0, "NumberOfClasses": 2.0, "NumberOfInstances": 25000.0, "LogInverseDatasetRatio": 6.991136887921188, "LogDatasetRatio": -6.991136887921188, "PercentageOfMissingValues": 0.0, "PercentageOfFeaturesWithMissingValues": 0.0, "PercentageOfInstancesWithMissingValues": 0.0, "LogNumberOfFeatures": 3.1354942159291497, "LogNumberOfInstances": 10.126631103850338}