{"PCASkewnessFirstPC": 1.9986762400483173, "PCAKurtosisFirstPC": 9.838578312037807, "PCAFractionOfComponentsFor95PercentVariance": 1.0, "Landmark1NN": 0.18136000000000002, "LandmarkRandomNodeLearner": 0.26204, "LandmarkDecisionNodeLearner": 0.26204, "LandmarkDecisionTree": 0.24192, "LandmarkNaiveBayes": 0.032479999999999995, "LandmarkLDA": 0.26052, "ClassEntropy": 6.643073771067074, "SkewnessSTD": 1.996180818136002, "SkewnessMean": 0.9741968113393253, "SkewnessMax": 4.962682189949288, "SkewnessMin": -0.18075012101219537, "KurtosisSTD": 14.306541906887553, "KurtosisMean": 5.7403690557274345, "KurtosisMax": 34.34680840514168, "KurtosisMin": -1.9999987455996062, "SymbolsSum": 0.0, "SymbolsSTD": 0, "SymbolsMean": 0, "SymbolsMax": 0, "SymbolsMin": 0, "ClassProbabilitySTD": 0.006728204721035625, "ClassProbabilityMean": 0.000588235294117647, "ClassProbabilityMax": 0.26204, "ClassProbabilityMin": 4e-05, "InverseDatasetRatio": 5000.0, "DatasetRatio": 0.0002, "RatioNominalToNumerical": 0.0, "RatioNumericalToNominal": 0.0, "NumberOfCategoricalFeatures": 0, "NumberOfNumericFeatures": 5, "NumberOfMissingValues": 0.0, "NumberOfFeaturesWithMissingValues": 0.0, "NumberOfInstancesWithMissingValues": 0.0, "NumberOfFeatures": 5.0, "NumberOfClasses": 1700.0, "NumberOfInstances": 25000.0, "LogInverseDatasetRatio": 8.517193191416238, "LogDatasetRatio": -8.517193191416238, "PercentageOfMissingValues": 0.0, "PercentageOfFeaturesWithMissingValues": 0.0, "PercentageOfInstancesWithMissingValues": 0.0, "LogNumberOfFeatures": 1.6094379124341003, "LogNumberOfInstances": 10.126631103850338}