{"PCASkewnessFirstPC": -0.04206946902311475, "PCAKurtosisFirstPC": -1.136201471114726, "PCAFractionOfComponentsFor95PercentVariance": 0.8571428571428571, "Landmark1NN": 0.19699999999999998, "LandmarkRandomNodeLearner": 0.19007999999999997, "LandmarkDecisionNodeLearner": 0.26156, "LandmarkDecisionTree": 0.25827999999999995, "LandmarkNaiveBayes": 0.10935999999999998, "LandmarkLDA": 0.2626, "ClassEntropy": 5.680382801777004, "SkewnessSTD": 0.4504371280923445, "SkewnessMean": 0.08104973744188948, "SkewnessMax": 1.10627893925354, "SkewnessMin": -0.48841884375170375, "KurtosisSTD": 0.3674224031149461, "KurtosisMean": -1.0238672139789926, "KurtosisMax": -0.13865201840300578, "KurtosisMin": -1.2245309256854837, "SymbolsSum": 0.0, "SymbolsSTD": 0, "SymbolsMean": 0, "SymbolsMax": 0, "SymbolsMin": 0, "ClassProbabilitySTD": 0.006637358450959869, "ClassProbabilityMean": 0.0005497526113249039, "ClassProbabilityMax": 0.17316, "ClassProbabilityMin": 4e-05, "InverseDatasetRatio": 3571.4285714285716, "DatasetRatio": 0.00028, "RatioNominalToNumerical": 0.0, "RatioNumericalToNominal": 0.0, "NumberOfCategoricalFeatures": 0, "NumberOfNumericFeatures": 7, "NumberOfMissingValues": 0.0, "NumberOfFeaturesWithMissingValues": 0.0, "NumberOfInstancesWithMissingValues": 0.0, "NumberOfFeatures": 7.0, "NumberOfClasses": 1819.0, "NumberOfInstances": 25000.0, "LogInverseDatasetRatio": 8.180720954795024, "LogDatasetRatio": -8.180720954795024, "PercentageOfMissingValues": 0.0, "PercentageOfFeaturesWithMissingValues": 0.0, "PercentageOfInstancesWithMissingValues": 0.0, "LogNumberOfFeatures": 1.9459101490553132, "LogNumberOfInstances": 10.126631103850338}