{"PCASkewnessFirstPC": 1.4673236353841714, "PCAKurtosisFirstPC": 2.804070508317241, "PCAFractionOfComponentsFor95PercentVariance": 0.9, "Landmark1NN": 0.506982582562006, "LandmarkRandomNodeLearner": 0.5590990435912238, "LandmarkDecisionNodeLearner": 0.6296517536577835, "LandmarkDecisionTree": 0.5276336453084145, "LandmarkNaiveBayes": 0.6120239062767798, "LandmarkLDA": 0.6206250595359319, "ClassEntropy": 1.7498672057034652, "SkewnessSTD": 2.199254085880127, "SkewnessMean": 0.4719798695182901, "SkewnessMax": 6.472584305808116, "SkewnessMin": -2.087502669232274, "KurtosisSTD": 21.594726826618817, "KurtosisMean": 7.139504753830538, "KurtosisMax": 71.67766116867965, "KurtosisMin": -1.666889488276477, "SymbolsSum": 0.0, "SymbolsSTD": 0, "SymbolsMean": 0, "SymbolsMax": 0, "SymbolsMin": 0, "ClassProbabilitySTD": 0.18973177266214486, "ClassProbabilityMean": 0.2, "ClassProbabilityMax": 0.5590990377246019, "ClassProbabilityMin": 0.03585114536319509, "InverseDatasetRatio": 2348.6, "DatasetRatio": 0.00042578557438473983, "RatioNominalToNumerical": 0.0, "RatioNumericalToNominal": 0.0, "NumberOfCategoricalFeatures": 0, "NumberOfNumericFeatures": 10, "NumberOfMissingValues": 0.0, "NumberOfFeaturesWithMissingValues": 0.0, "NumberOfInstancesWithMissingValues": 0.0, "NumberOfFeatures": 10.0, "NumberOfClasses": 5.0, "NumberOfInstances": 23486.0, "LogInverseDatasetRatio": 7.761574684930981, "LogDatasetRatio": -7.761574684930981, "PercentageOfMissingValues": 0.0, "PercentageOfFeaturesWithMissingValues": 0.0, "PercentageOfInstancesWithMissingValues": 0.0, "LogNumberOfFeatures": 2.302585092994046, "LogNumberOfInstances": 10.064159777925026}