{"PCASkewnessFirstPC": 0.3835252541282906, "PCAKurtosisFirstPC": -0.33448426228460715, "PCAFractionOfComponentsFor95PercentVariance": 0.825503355704698, "Landmark1NN": 0.3405940594059406, "LandmarkRandomNodeLearner": 0.35445544554455444, "LandmarkDecisionNodeLearner": 0.3603960396039604, "LandmarkDecisionTree": 0.29108910891089107, "LandmarkNaiveBayes": 0.3227722772277228, "LandmarkLDA": 0.3425742574257426, "ClassEntropy": 2.1917512161852204, "SkewnessSTD": 0.8387219607766654, "SkewnessMean": -0.11739843551585305, "SkewnessMax": 1.7560621066342914, "SkewnessMin": -5.465060383610234, "KurtosisSTD": 3.371677870396041, "KurtosisMean": 0.06942061904749322, "KurtosisMax": 32.89442804111109, "KurtosisMin": -1.6627926359327718, "SymbolsSum": 0.0, "SymbolsSTD": 0, "SymbolsMean": 0, "SymbolsMax": 0, "SymbolsMin": 0, "ClassProbabilitySTD": 0.11228302885850178, "ClassProbabilityMean": 0.16666666666666666, "ClassProbabilityMax": 0.35445544554455444, "ClassProbabilityMin": 0.0029702970297029703, "InverseDatasetRatio": 6.778523489932886, "DatasetRatio": 0.14752475247524752, "RatioNominalToNumerical": 0.0, "RatioNumericalToNominal": 0.0, "NumberOfCategoricalFeatures": 0, "NumberOfNumericFeatures": 149, "NumberOfMissingValues": 0.0, "NumberOfFeaturesWithMissingValues": 0.0, "NumberOfInstancesWithMissingValues": 0.0, "NumberOfFeatures": 149.0, "NumberOfClasses": 6.0, "NumberOfInstances": 1010.0, "LogInverseDatasetRatio": 1.913759303889846, "LogDatasetRatio": -1.913759303889846, "PercentageOfMissingValues": 0.0, "PercentageOfFeaturesWithMissingValues": 0.0, "PercentageOfInstancesWithMissingValues": 0.0, "LogNumberOfFeatures": 5.003946305945459, "LogNumberOfInstances": 6.917705609835305}