{"PCASkewnessFirstPC": 1.0747746694251692, "PCAKurtosisFirstPC": 1.7426113093293196, "PCAFractionOfComponentsFor95PercentVariance": 0.875, "Landmark1NN": 0.44276, "LandmarkRandomNodeLearner": 0.14904, "LandmarkDecisionNodeLearner": 0.18824000000000002, "LandmarkDecisionTree": 0.61852, "LandmarkNaiveBayes": 0.060759999999999995, "LandmarkLDA": 0.2118, "ClassEntropy": 5.034072433180122, "SkewnessSTD": 1.9601551843233462, "SkewnessMean": 0.48534779255154437, "SkewnessMax": 7.326885278069284, "SkewnessMin": -2.0982804026470556, "KurtosisSTD": 20.425890428771925, "KurtosisMean": 4.746051916949456, "KurtosisMax": 83.6666746717181, "KurtosisMin": -1.8663063196914298, "SymbolsSum": 0.0, "SymbolsSTD": 0, "SymbolsMean": 0, "SymbolsMax": 0, "SymbolsMin": 0, "ClassProbabilitySTD": 0.021369249155444272, "ClassProbabilityMean": 0.015384615384615385, "ClassProbabilityMax": 0.14904, "ClassProbabilityMin": 4e-05, "InverseDatasetRatio": 1562.5, "DatasetRatio": 0.00064, "RatioNominalToNumerical": 0.0, "RatioNumericalToNominal": 0.0, "NumberOfCategoricalFeatures": 0, "NumberOfNumericFeatures": 16, "NumberOfMissingValues": 0.0, "NumberOfFeaturesWithMissingValues": 0.0, "NumberOfInstancesWithMissingValues": 0.0, "NumberOfFeatures": 16.0, "NumberOfClasses": 65.0, "NumberOfInstances": 25000.0, "LogInverseDatasetRatio": 7.354042381610556, "LogDatasetRatio": -7.354042381610556, "PercentageOfMissingValues": 0.0, "PercentageOfFeaturesWithMissingValues": 0.0, "PercentageOfInstancesWithMissingValues": 0.0, "LogNumberOfFeatures": 2.772588722239781, "LogNumberOfInstances": 10.126631103850338}