{"PCASkewnessFirstPC": 0.9133700828162689, "PCAKurtosisFirstPC": 0.9046801272925196, "PCAFractionOfComponentsFor95PercentVariance": 0.8421052631578947, "Landmark1NN": 0.22385155109164084, "LandmarkRandomNodeLearner": 0.11140188657017377, "LandmarkDecisionNodeLearner": 0.18657729704850126, "LandmarkDecisionTree": 0.28970786381407176, "LandmarkNaiveBayes": 0.09642806458064498, "LandmarkLDA": 0.27243130840737423, "ClassEntropy": 4.870313762483482, "SkewnessSTD": 4.357066781423196, "SkewnessMean": 1.4456906402303515, "SkewnessMax": 16.670792940357064, "SkewnessMin": -3.0811513536765966, "KurtosisSTD": 66.00887709769741, "KurtosisMean": 23.654330996865365, "KurtosisMax": 275.9153372602588, "KurtosisMin": -1.9506033691803883, "SymbolsSum": 0.0, "SymbolsSTD": 0, "SymbolsMean": 0, "SymbolsMax": 0, "SymbolsMin": 0, "ClassProbabilitySTD": 0.017712603465301936, "ClassProbabilityMean": 0.007142857142857143, "ClassProbabilityMax": 0.09423097057899696, "ClassProbabilityMin": 0.00010470107842110774, "InverseDatasetRatio": 477.55, "DatasetRatio": 0.0020940215684221546, "RatioNominalToNumerical": 0.0, "RatioNumericalToNominal": 0.0, "NumberOfCategoricalFeatures": 0, "NumberOfNumericFeatures": 20, "NumberOfMissingValues": 0.0, "NumberOfFeaturesWithMissingValues": 0.0, "NumberOfInstancesWithMissingValues": 0.0, "NumberOfFeatures": 20.0, "NumberOfClasses": 140.0, "NumberOfInstances": 9551.0, "LogInverseDatasetRatio": 6.168668866480747, "LogDatasetRatio": -6.168668866480747, "PercentageOfMissingValues": 0.0, "PercentageOfFeaturesWithMissingValues": 0.0, "PercentageOfInstancesWithMissingValues": 0.0, "LogNumberOfFeatures": 2.995732273553991, "LogNumberOfInstances": 9.164401140034737}